year,bank,survey_scope,survey_type,source_file,source_format,source_sheet,transect,plot_group,percent_cover,source_section,metric_type,record_type,taxon_level
2004,EFGB,study_site,RT,Appendix 1 Random Transect Data 2004-2008.xls,excel_appendix,East Bank 2004,NE14,CCA,0.0,RECONSTRUCTED MAJOR CATEGORY FROM APPENDIX SUBCATEGORIES,percent_cover,cover,functional_group
2004,EFGB,study_site,RT,Appendix 1 Random Transect Data 2004-2008.xls,excel_appendix,East Bank 2004,NE14,Colonizable Substrate,10.8,RECONSTRUCTED MAJOR CATEGORY FROM APPENDIX SUBCATEGORIES,percent_cover,cover,functional_group
2004,EFGB,study_site,RT,Appendix 1 Random Transect Data 2004-2008.xls,excel_appendix,East Bank 2004,NE14,Coral,73.2,RECONSTRUCTED MAJOR CATEGORY FROM APPENDIX SUBCATEGORIES,percent_cover,cover,functional_group
2004,EFGB,study_site,RT,Appendix 1 Random Transect Data 2004-2008.xls,excel_appendix,East Bank 2004,NE14,Hydrocoral,0.6,RECONSTRUCTED MAJOR CATEGORY FROM APPENDIX SUBCATEGORIES,percent_cover,cover,functional_group
2004,EFGB,study_site,RT,Appendix 1 Random Transect Data 2004-2008.xls,excel_appendix,East Bank 2004,NE14,Macroalgae,13.2,RECONSTRUCTED MAJOR CATEGORY FROM APPENDIX SUBCATEGORIES,percent_cover,cover,functional_group
2004,EFGB,study_site,RT,Appendix 1 Random Transect Data 2004-2008.xls,excel_appendix,East Bank 2004,NE14,Other,0.6,RECONSTRUCTED MAJOR CATEGORY FROM APPENDIX SUBCATEGORIES,percent_cover,cover,functional_group
2004,EFGB,study_site,RT,Appendix 1 Random Transect Data 2004-2008.xls,excel_appendix,East Bank 2004,NE14,Sand,0.0,RECONSTRUCTED MAJOR CATEGORY FROM APPENDIX SUBCATEGORIES,percent_cover,cover,functional_group
2004,EFGB,study_site,RT,Appendix 1 Random Transect Data 2004-2008.xls,excel_appendix,East Bank 2004,NE14,Sponge,0.0,RECONSTRUCTED MAJOR CATEGORY FROM APPENDIX SUBCATEGORIES,percent_cover,cover,functional_group
2004,EFGB,study_site,RT,Appendix 1 Random Transect Data 2004-2008.xls,excel_appendix,East Bank 2004,NE15,CCA,0.0,RECONSTRUCTED MAJOR CATEGORY FROM APPENDIX SUBCATEGORIES,percent_cover,cover,functional_group
2004,EFGB,study_site,RT,Appendix 1 Random Transect Data 2004-2008.xls,excel_appendix,East Bank 2004,NE15,Colonizable Substrate,7.3999999999999995,RECONSTRUCTED MAJOR CATEGORY FROM APPENDIX SUBCATEGORIES,percent_cover,cover,functional_group
2004,EFGB,study_site,RT,Appendix 1 Random Transect Data 2004-2008.xls,excel_appendix,East Bank 2004,NE15,Coral,60.6,RECONSTRUCTED MAJOR CATEGORY FROM APPENDIX SUBCATEGORIES,percent_cover,cover,functional_group
2004,EFGB,study_site,RT,Appendix 1 Random Transect Data 2004-2008.xls,excel_appendix,East Bank 2004,NE15,Hydrocoral,0.2,RECONSTRUCTED MAJOR CATEGORY FROM APPENDIX SUBCATEGORIES,percent_cover,cover,functional_group
2004,EFGB,study_site,RT,Appendix 1 Random Transect Data 2004-2008.xls,excel_appendix,East Bank 2004,NE15,Macroalgae,28.0,RECONSTRUCTED MAJOR CATEGORY FROM APPENDIX SUBCATEGORIES,percent_cover,cover,functional_group
2004,EFGB,study_site,RT,Appendix 1 Random Transect Data 2004-2008.xls,excel_appendix,East Bank 2004,NE15,Other,0.2,RECONSTRUCTED MAJOR CATEGORY FROM APPENDIX SUBCATEGORIES,percent_cover,cover,functional_group
2004,EFGB,study_site,RT,Appendix 1 Random Transect Data 2004-2008.xls,excel_appendix,East Bank 2004,NE15,Sand,0.0,RECONSTRUCTED MAJOR CATEGORY FROM APPENDIX SUBCATEGORIES,percent_cover,cover,functional_group
2004,EFGB,study_site,RT,Appendix 1 Random Transect Data 2004-2008.xls,excel_appendix,East Bank 2004,NE15,Sponge,0.0,RECONSTRUCTED MAJOR CATEGORY FROM APPENDIX SUBCATEGORIES,percent_cover,cover,functional_group
2004,EFGB,study_site,RT,Appendix 1 Random Transect Data 2004-2008.xls,excel_appendix,East Bank 2004,NE16,CCA,0.0,RECONSTRUCTED MAJOR CATEGORY FROM APPENDIX SUBCATEGORIES,percent_cover,cover,functional_group
2004,EFGB,study_site,RT,Appendix 1 Random Transect Data 2004-2008.xls,excel_appendix,East Bank 2004,NE16,Colonizable Substrate,21.8,RECONSTRUCTED MAJOR CATEGORY FROM APPENDIX SUBCATEGORIES,percent_cover,cover,functional_group
2004,EFGB,study_site,RT,Appendix 1 Random Transect Data 2004-2008.xls,excel_appendix,East Bank 2004,NE16,Coral,52.6,RECONSTRUCTED MAJOR CATEGORY FROM APPENDIX SUBCATEGORIES,percent_cover,cover,functional_group
2004,EFGB,study_site,RT,Appendix 1 Random Transect Data 2004-2008.xls,excel_appendix,East Bank 2004,NE16,Hydrocoral,4.6,RECONSTRUCTED MAJOR CATEGORY FROM APPENDIX SUBCATEGORIES,percent_cover,cover,functional_group
2004,EFGB,study_site,RT,Appendix 1 Random Transect Data 2004-2008.xls,excel_appendix,East Bank 2004,NE16,Macroalgae,18.0,RECONSTRUCTED MAJOR CATEGORY FROM APPENDIX SUBCATEGORIES,percent_cover,cover,functional_group
2004,EFGB,study_site,RT,Appendix 1 Random Transect Data 2004-2008.xls,excel_appendix,East Bank 2004,NE16,Other,0.0,RECONSTRUCTED MAJOR CATEGORY FROM APPENDIX SUBCATEGORIES,percent_cover,cover,functional_group
2004,EFGB,study_site,RT,Appendix 1 Random Transect Data 2004-2008.xls,excel_appendix,East Bank 2004,NE16,Sand,0.0,RECONSTRUCTED MAJOR CATEGORY FROM APPENDIX SUBCATEGORIES,percent_cover,cover,functional_group
2004,EFGB,study_site,RT,Appendix 1 Random Transect Data 2004-2008.xls,excel_appendix,East Bank 2004,NE16,Sponge,0.0,RECONSTRUCTED MAJOR CATEGORY FROM APPENDIX SUBCATEGORIES,percent_cover,cover,functional_group
2004,EFGB,study_site,RT,Appendix 1 Random Transect Data 2004-2008.xls,excel_appendix,East Bank 2004,NW1,CCA,0.0,RECONSTRUCTED MAJOR CATEGORY FROM APPENDIX SUBCATEGORIES,percent_cover,cover,functional_group
2004,EFGB,study_site,RT,Appendix 1 Random Transect Data 2004-2008.xls,excel_appendix,East Bank 2004,NW1,Colonizable Substrate,36.4,RECONSTRUCTED MAJOR CATEGORY FROM APPENDIX SUBCATEGORIES,percent_cover,cover,functional_group
2004,EFGB,study_site,RT,Appendix 1 Random Transect Data 2004-2008.xls,excel_appendix,East Bank 2004,NW1,Coral,57.8,RECONSTRUCTED MAJOR CATEGORY FROM APPENDIX SUBCATEGORIES,percent_cover,cover,functional_group
2004,EFGB,study_site,RT,Appendix 1 Random Transect Data 2004-2008.xls,excel_appendix,East Bank 2004,NW1,Hydrocoral,0.8,RECONSTRUCTED MAJOR CATEGORY FROM APPENDIX SUBCATEGORIES,percent_cover,cover,functional_group
2004,EFGB,study_site,RT,Appendix 1 Random Transect Data 2004-2008.xls,excel_appendix,East Bank 2004,NW1,Macroalgae,4.0,RECONSTRUCTED MAJOR CATEGORY FROM APPENDIX SUBCATEGORIES,percent_cover,cover,functional_group
2004,EFGB,study_site,RT,Appendix 1 Random Transect Data 2004-2008.xls,excel_appendix,East Bank 2004,NW1,Other,0.0,RECONSTRUCTED MAJOR CATEGORY FROM APPENDIX SUBCATEGORIES,percent_cover,cover,functional_group
2004,EFGB,study_site,RT,Appendix 1 Random Transect Data 2004-2008.xls,excel_appendix,East Bank 2004,NW1,Sand,0.0,RECONSTRUCTED MAJOR CATEGORY FROM APPENDIX SUBCATEGORIES,percent_cover,cover,functional_group
2004,EFGB,study_site,RT,Appendix 1 Random Transect Data 2004-2008.xls,excel_appendix,East Bank 2004,NW1,Sponge,0.0,RECONSTRUCTED MAJOR CATEGORY FROM APPENDIX SUBCATEGORIES,percent_cover,cover,functional_group
2004,EFGB,study_site,RT,Appendix 1 Random Transect Data 2004-2008.xls,excel_appendix,East Bank 2004,NW2,CCA,0.0,RECONSTRUCTED MAJOR CATEGORY FROM APPENDIX SUBCATEGORIES,percent_cover,cover,functional_group
2004,EFGB,study_site,RT,Appendix 1 Random Transect Data 2004-2008.xls,excel_appendix,East Bank 2004,NW2,Colonizable Substrate,31.0,RECONSTRUCTED MAJOR CATEGORY FROM APPENDIX SUBCATEGORIES,percent_cover,cover,functional_group
2004,EFGB,study_site,RT,Appendix 1 Random Transect Data 2004-2008.xls,excel_appendix,East Bank 2004,NW2,Coral,59.599999999999994,RECONSTRUCTED MAJOR CATEGORY FROM APPENDIX SUBCATEGORIES,percent_cover,cover,functional_group
2004,EFGB,study_site,RT,Appendix 1 Random Transect Data 2004-2008.xls,excel_appendix,East Bank 2004,NW2,Hydrocoral,0.4,RECONSTRUCTED MAJOR CATEGORY FROM APPENDIX SUBCATEGORIES,percent_cover,cover,functional_group
2004,EFGB,study_site,RT,Appendix 1 Random Transect Data 2004-2008.xls,excel_appendix,East Bank 2004,NW2,Macroalgae,7.2,RECONSTRUCTED MAJOR CATEGORY FROM APPENDIX SUBCATEGORIES,percent_cover,cover,functional_group
2004,EFGB,study_site,RT,Appendix 1 Random Transect Data 2004-2008.xls,excel_appendix,East Bank 2004,NW2,Other,0.0,RECONSTRUCTED MAJOR CATEGORY FROM APPENDIX SUBCATEGORIES,percent_cover,cover,functional_group
2004,EFGB,study_site,RT,Appendix 1 Random Transect Data 2004-2008.xls,excel_appendix,East Bank 2004,NW2,Sand,0.0,RECONSTRUCTED MAJOR CATEGORY FROM APPENDIX SUBCATEGORIES,percent_cover,cover,functional_group
2004,EFGB,study_site,RT,Appendix 1 Random Transect Data 2004-2008.xls,excel_appendix,East Bank 2004,NW2,Sponge,0.2,RECONSTRUCTED MAJOR CATEGORY FROM APPENDIX SUBCATEGORIES,percent_cover,cover,functional_group
2004,EFGB,study_site,RT,Appendix 1 Random Transect Data 2004-2008.xls,excel_appendix,East Bank 2004,NW3,CCA,0.0,RECONSTRUCTED MAJOR CATEGORY FROM APPENDIX SUBCATEGORIES,percent_cover,cover,functional_group
2004,EFGB,study_site,RT,Appendix 1 Random Transect Data 2004-2008.xls,excel_appendix,East Bank 2004,NW3,Colonizable Substrate,19.400000000000002,RECONSTRUCTED MAJOR CATEGORY FROM APPENDIX SUBCATEGORIES,percent_cover,cover,functional_group
2004,EFGB,study_site,RT,Appendix 1 Random Transect Data 2004-2008.xls,excel_appendix,East Bank 2004,NW3,Coral,41.800000000000004,RECONSTRUCTED MAJOR CATEGORY FROM APPENDIX SUBCATEGORIES,percent_cover,cover,functional_group
2004,EFGB,study_site,RT,Appendix 1 Random Transect Data 2004-2008.xls,excel_appendix,East Bank 2004,NW3,Hydrocoral,0.2,RECONSTRUCTED MAJOR CATEGORY FROM APPENDIX SUBCATEGORIES,percent_cover,cover,functional_group
2004,EFGB,study_site,RT,Appendix 1 Random Transect Data 2004-2008.xls,excel_appendix,East Bank 2004,NW3,Macroalgae,37.2,RECONSTRUCTED MAJOR CATEGORY FROM APPENDIX SUBCATEGORIES,percent_cover,cover,functional_group
2004,EFGB,study_site,RT,Appendix 1 Random Transect Data 2004-2008.xls,excel_appendix,East Bank 2004,NW3,Other,0.0,RECONSTRUCTED MAJOR CATEGORY FROM APPENDIX SUBCATEGORIES,percent_cover,cover,functional_group
2004,EFGB,study_site,RT,Appendix 1 Random Transect Data 2004-2008.xls,excel_appendix,East Bank 2004,NW3,Sand,0.0,RECONSTRUCTED MAJOR CATEGORY FROM APPENDIX SUBCATEGORIES,percent_cover,cover,functional_group
2004,EFGB,study_site,RT,Appendix 1 Random Transect Data 2004-2008.xls,excel_appendix,East Bank 2004,NW3,Sponge,0.0,RECONSTRUCTED MAJOR CATEGORY FROM APPENDIX SUBCATEGORIES,percent_cover,cover,functional_group
2004,EFGB,study_site,RT,Appendix 1 Random Transect Data 2004-2008.xls,excel_appendix,East Bank 2004,NW4,CCA,0.0,RECONSTRUCTED MAJOR CATEGORY FROM APPENDIX SUBCATEGORIES,percent_cover,cover,functional_group
2004,EFGB,study_site,RT,Appendix 1 Random Transect Data 2004-2008.xls,excel_appendix,East Bank 2004,NW4,Colonizable Substrate,23.400000000000002,RECONSTRUCTED MAJOR CATEGORY FROM APPENDIX SUBCATEGORIES,percent_cover,cover,functional_group
2004,EFGB,study_site,RT,Appendix 1 Random Transect Data 2004-2008.xls,excel_appendix,East Bank 2004,NW4,Coral,66.0,RECONSTRUCTED MAJOR CATEGORY FROM APPENDIX SUBCATEGORIES,percent_cover,cover,functional_group
2004,EFGB,study_site,RT,Appendix 1 Random Transect Data 2004-2008.xls,excel_appendix,East Bank 2004,NW4,Hydrocoral,2.8000000000000003,RECONSTRUCTED MAJOR CATEGORY FROM APPENDIX SUBCATEGORIES,percent_cover,cover,functional_group
2004,EFGB,study_site,RT,Appendix 1 Random Transect Data 2004-2008.xls,excel_appendix,East Bank 2004,NW4,Macroalgae,7.8,RECONSTRUCTED MAJOR CATEGORY FROM APPENDIX SUBCATEGORIES,percent_cover,cover,functional_group
2004,EFGB,study_site,RT,Appendix 1 Random Transect Data 2004-2008.xls,excel_appendix,East Bank 2004,NW4,Other,0.0,RECONSTRUCTED MAJOR CATEGORY FROM APPENDIX SUBCATEGORIES,percent_cover,cover,functional_group
2004,EFGB,study_site,RT,Appendix 1 Random Transect Data 2004-2008.xls,excel_appendix,East Bank 2004,NW4,Sand,0.0,RECONSTRUCTED MAJOR CATEGORY FROM APPENDIX SUBCATEGORIES,percent_cover,cover,functional_group
2004,EFGB,study_site,RT,Appendix 1 Random Transect Data 2004-2008.xls,excel_appendix,East Bank 2004,NW4,Sponge,0.0,RECONSTRUCTED MAJOR CATEGORY FROM APPENDIX SUBCATEGORIES,percent_cover,cover,functional_group
2004,EFGB,study_site,RT,Appendix 1 Random Transect Data 2004-2008.xls,excel_appendix,East Bank 2004,SE10,CCA,0.0,RECONSTRUCTED MAJOR CATEGORY FROM APPENDIX SUBCATEGORIES,percent_cover,cover,functional_group
2004,EFGB,study_site,RT,Appendix 1 Random Transect Data 2004-2008.xls,excel_appendix,East Bank 2004,SE10,Colonizable Substrate,36.199999999999996,RECONSTRUCTED MAJOR CATEGORY FROM APPENDIX SUBCATEGORIES,percent_cover,cover,functional_group
2004,EFGB,study_site,RT,Appendix 1 Random Transect Data 2004-2008.xls,excel_appendix,East Bank 2004,SE10,Coral,62.2,RECONSTRUCTED MAJOR CATEGORY FROM APPENDIX SUBCATEGORIES,percent_cover,cover,functional_group
2004,EFGB,study_site,RT,Appendix 1 Random Transect Data 2004-2008.xls,excel_appendix,East Bank 2004,SE10,Hydrocoral,0.0,RECONSTRUCTED MAJOR CATEGORY FROM APPENDIX SUBCATEGORIES,percent_cover,cover,functional_group
2004,EFGB,study_site,RT,Appendix 1 Random Transect Data 2004-2008.xls,excel_appendix,East Bank 2004,SE10,Macroalgae,1.2000000000000002,RECONSTRUCTED MAJOR CATEGORY FROM APPENDIX SUBCATEGORIES,percent_cover,cover,functional_group
2004,EFGB,study_site,RT,Appendix 1 Random Transect Data 2004-2008.xls,excel_appendix,East Bank 2004,SE10,Other,0.0,RECONSTRUCTED MAJOR CATEGORY FROM APPENDIX SUBCATEGORIES,percent_cover,cover,functional_group
2004,EFGB,study_site,RT,Appendix 1 Random Transect Data 2004-2008.xls,excel_appendix,East Bank 2004,SE10,Sand,0.0,RECONSTRUCTED MAJOR CATEGORY FROM APPENDIX SUBCATEGORIES,percent_cover,cover,functional_group
2004,EFGB,study_site,RT,Appendix 1 Random Transect Data 2004-2008.xls,excel_appendix,East Bank 2004,SE10,Sponge,0.0,RECONSTRUCTED MAJOR CATEGORY FROM APPENDIX SUBCATEGORIES,percent_cover,cover,functional_group
2004,EFGB,study_site,RT,Appendix 1 Random Transect Data 2004-2008.xls,excel_appendix,East Bank 2004,SE11,CCA,0.0,RECONSTRUCTED MAJOR CATEGORY FROM APPENDIX SUBCATEGORIES,percent_cover,cover,functional_group
2004,EFGB,study_site,RT,Appendix 1 Random Transect Data 2004-2008.xls,excel_appendix,East Bank 2004,SE11,Colonizable Substrate,12.8,RECONSTRUCTED MAJOR CATEGORY FROM APPENDIX SUBCATEGORIES,percent_cover,cover,functional_group
2004,EFGB,study_site,RT,Appendix 1 Random Transect Data 2004-2008.xls,excel_appendix,East Bank 2004,SE11,Coral,61.2,RECONSTRUCTED MAJOR CATEGORY FROM APPENDIX SUBCATEGORIES,percent_cover,cover,functional_group
2004,EFGB,study_site,RT,Appendix 1 Random Transect Data 2004-2008.xls,excel_appendix,East Bank 2004,SE11,Hydrocoral,3.2,RECONSTRUCTED MAJOR CATEGORY FROM APPENDIX SUBCATEGORIES,percent_cover,cover,functional_group
2004,EFGB,study_site,RT,Appendix 1 Random Transect Data 2004-2008.xls,excel_appendix,East Bank 2004,SE11,Macroalgae,16.2,RECONSTRUCTED MAJOR CATEGORY FROM APPENDIX SUBCATEGORIES,percent_cover,cover,functional_group
2004,EFGB,study_site,RT,Appendix 1 Random Transect Data 2004-2008.xls,excel_appendix,East Bank 2004,SE11,Other,0.4,RECONSTRUCTED MAJOR CATEGORY FROM APPENDIX SUBCATEGORIES,percent_cover,cover,functional_group
2004,EFGB,study_site,RT,Appendix 1 Random Transect Data 2004-2008.xls,excel_appendix,East Bank 2004,SE11,Sand,0.0,RECONSTRUCTED MAJOR CATEGORY FROM APPENDIX SUBCATEGORIES,percent_cover,cover,functional_group
2004,EFGB,study_site,RT,Appendix 1 Random Transect Data 2004-2008.xls,excel_appendix,East Bank 2004,SE11,Sponge,0.0,RECONSTRUCTED MAJOR CATEGORY FROM APPENDIX SUBCATEGORIES,percent_cover,cover,functional_group
2004,EFGB,study_site,RT,Appendix 1 Random Transect Data 2004-2008.xls,excel_appendix,East Bank 2004,SE12,CCA,0.0,RECONSTRUCTED MAJOR CATEGORY FROM APPENDIX SUBCATEGORIES,percent_cover,cover,functional_group
2004,EFGB,study_site,RT,Appendix 1 Random Transect Data 2004-2008.xls,excel_appendix,East Bank 2004,SE12,Colonizable Substrate,5.800000000000001,RECONSTRUCTED MAJOR CATEGORY FROM APPENDIX SUBCATEGORIES,percent_cover,cover,functional_group
2004,EFGB,study_site,RT,Appendix 1 Random Transect Data 2004-2008.xls,excel_appendix,East Bank 2004,SE12,Coral,80.8,RECONSTRUCTED MAJOR CATEGORY FROM APPENDIX SUBCATEGORIES,percent_cover,cover,functional_group
2004,EFGB,study_site,RT,Appendix 1 Random Transect Data 2004-2008.xls,excel_appendix,East Bank 2004,SE12,Hydrocoral,0.0,RECONSTRUCTED MAJOR CATEGORY FROM APPENDIX SUBCATEGORIES,percent_cover,cover,functional_group
2004,EFGB,study_site,RT,Appendix 1 Random Transect Data 2004-2008.xls,excel_appendix,East Bank 2004,SE12,Macroalgae,11.4,RECONSTRUCTED MAJOR CATEGORY FROM APPENDIX SUBCATEGORIES,percent_cover,cover,functional_group
2004,EFGB,study_site,RT,Appendix 1 Random Transect Data 2004-2008.xls,excel_appendix,East Bank 2004,SE12,Other,0.4,RECONSTRUCTED MAJOR CATEGORY FROM APPENDIX SUBCATEGORIES,percent_cover,cover,functional_group
2004,EFGB,study_site,RT,Appendix 1 Random Transect Data 2004-2008.xls,excel_appendix,East Bank 2004,SE12,Sand,0.0,RECONSTRUCTED MAJOR CATEGORY FROM APPENDIX SUBCATEGORIES,percent_cover,cover,functional_group
2004,EFGB,study_site,RT,Appendix 1 Random Transect Data 2004-2008.xls,excel_appendix,East Bank 2004,SE12,Sponge,0.0,RECONSTRUCTED MAJOR CATEGORY FROM APPENDIX SUBCATEGORIES,percent_cover,cover,functional_group
2004,EFGB,study_site,RT,Appendix 1 Random Transect Data 2004-2008.xls,excel_appendix,East Bank 2004,SE13,CCA,0.0,RECONSTRUCTED MAJOR CATEGORY FROM APPENDIX SUBCATEGORIES,percent_cover,cover,functional_group
2004,EFGB,study_site,RT,Appendix 1 Random Transect Data 2004-2008.xls,excel_appendix,East Bank 2004,SE13,Colonizable Substrate,9.2,RECONSTRUCTED MAJOR CATEGORY FROM APPENDIX SUBCATEGORIES,percent_cover,cover,functional_group
2004,EFGB,study_site,RT,Appendix 1 Random Transect Data 2004-2008.xls,excel_appendix,East Bank 2004,SE13,Coral,70.39999999999999,RECONSTRUCTED MAJOR CATEGORY FROM APPENDIX SUBCATEGORIES,percent_cover,cover,functional_group
2004,EFGB,study_site,RT,Appendix 1 Random Transect Data 2004-2008.xls,excel_appendix,East Bank 2004,SE13,Hydrocoral,0.6,RECONSTRUCTED MAJOR CATEGORY FROM APPENDIX SUBCATEGORIES,percent_cover,cover,functional_group
2004,EFGB,study_site,RT,Appendix 1 Random Transect Data 2004-2008.xls,excel_appendix,East Bank 2004,SE13,Macroalgae,13.200000000000001,RECONSTRUCTED MAJOR CATEGORY FROM APPENDIX SUBCATEGORIES,percent_cover,cover,functional_group
2004,EFGB,study_site,RT,Appendix 1 Random Transect Data 2004-2008.xls,excel_appendix,East Bank 2004,SE13,Other,1.0,RECONSTRUCTED MAJOR CATEGORY FROM APPENDIX SUBCATEGORIES,percent_cover,cover,functional_group
2004,EFGB,study_site,RT,Appendix 1 Random Transect Data 2004-2008.xls,excel_appendix,East Bank 2004,SE13,Sand,0.0,RECONSTRUCTED MAJOR CATEGORY FROM APPENDIX SUBCATEGORIES,percent_cover,cover,functional_group
2004,EFGB,study_site,RT,Appendix 1 Random Transect Data 2004-2008.xls,excel_appendix,East Bank 2004,SE13,Sponge,0.0,RECONSTRUCTED MAJOR CATEGORY FROM APPENDIX SUBCATEGORIES,percent_cover,cover,functional_group
2004,EFGB,study_site,RT,Appendix 1 Random Transect Data 2004-2008.xls,excel_appendix,East Bank 2004,SW5,CCA,0.2,RECONSTRUCTED MAJOR CATEGORY FROM APPENDIX SUBCATEGORIES,percent_cover,cover,functional_group
2004,EFGB,study_site,RT,Appendix 1 Random Transect Data 2004-2008.xls,excel_appendix,East Bank 2004,SW5,Colonizable Substrate,13.600000000000001,RECONSTRUCTED MAJOR CATEGORY FROM APPENDIX SUBCATEGORIES,percent_cover,cover,functional_group
2004,EFGB,study_site,RT,Appendix 1 Random Transect Data 2004-2008.xls,excel_appendix,East Bank 2004,SW5,Coral,71.4,RECONSTRUCTED MAJOR CATEGORY FROM APPENDIX SUBCATEGORIES,percent_cover,cover,functional_group
2004,EFGB,study_site,RT,Appendix 1 Random Transect Data 2004-2008.xls,excel_appendix,East Bank 2004,SW5,Hydrocoral,0.4,RECONSTRUCTED MAJOR CATEGORY FROM APPENDIX SUBCATEGORIES,percent_cover,cover,functional_group
2004,EFGB,study_site,RT,Appendix 1 Random Transect Data 2004-2008.xls,excel_appendix,East Bank 2004,SW5,Macroalgae,6.3999999999999995,RECONSTRUCTED MAJOR CATEGORY FROM APPENDIX SUBCATEGORIES,percent_cover,cover,functional_group
2004,EFGB,study_site,RT,Appendix 1 Random Transect Data 2004-2008.xls,excel_appendix,East Bank 2004,SW5,Other,0.2,RECONSTRUCTED MAJOR CATEGORY FROM APPENDIX SUBCATEGORIES,percent_cover,cover,functional_group
2004,EFGB,study_site,RT,Appendix 1 Random Transect Data 2004-2008.xls,excel_appendix,East Bank 2004,SW5,Sand,1.6,RECONSTRUCTED MAJOR CATEGORY FROM APPENDIX SUBCATEGORIES,percent_cover,cover,functional_group
2004,EFGB,study_site,RT,Appendix 1 Random Transect Data 2004-2008.xls,excel_appendix,East Bank 2004,SW5,Sponge,0.8,RECONSTRUCTED MAJOR CATEGORY FROM APPENDIX SUBCATEGORIES,percent_cover,cover,functional_group
2004,EFGB,study_site,RT,Appendix 1 Random Transect Data 2004-2008.xls,excel_appendix,East Bank 2004,SW6,CCA,0.0,RECONSTRUCTED MAJOR CATEGORY FROM APPENDIX SUBCATEGORIES,percent_cover,cover,functional_group
2004,EFGB,study_site,RT,Appendix 1 Random Transect Data 2004-2008.xls,excel_appendix,East Bank 2004,SW6,Colonizable Substrate,25.2,RECONSTRUCTED MAJOR CATEGORY FROM APPENDIX SUBCATEGORIES,percent_cover,cover,functional_group
2004,EFGB,study_site,RT,Appendix 1 Random Transect Data 2004-2008.xls,excel_appendix,East Bank 2004,SW6,Coral,73.4,RECONSTRUCTED MAJOR CATEGORY FROM APPENDIX SUBCATEGORIES,percent_cover,cover,functional_group
2004,EFGB,study_site,RT,Appendix 1 Random Transect Data 2004-2008.xls,excel_appendix,East Bank 2004,SW6,Hydrocoral,0.4,RECONSTRUCTED MAJOR CATEGORY FROM APPENDIX SUBCATEGORIES,percent_cover,cover,functional_group
2004,EFGB,study_site,RT,Appendix 1 Random Transect Data 2004-2008.xls,excel_appendix,East Bank 2004,SW6,Macroalgae,0.8,RECONSTRUCTED MAJOR CATEGORY FROM APPENDIX SUBCATEGORIES,percent_cover,cover,functional_group
2004,EFGB,study_site,RT,Appendix 1 Random Transect Data 2004-2008.xls,excel_appendix,East Bank 2004,SW6,Other,0.0,RECONSTRUCTED MAJOR CATEGORY FROM APPENDIX SUBCATEGORIES,percent_cover,cover,functional_group
2004,EFGB,study_site,RT,Appendix 1 Random Transect Data 2004-2008.xls,excel_appendix,East Bank 2004,SW6,Sand,0.0,RECONSTRUCTED MAJOR CATEGORY FROM APPENDIX SUBCATEGORIES,percent_cover,cover,functional_group
2004,EFGB,study_site,RT,Appendix 1 Random Transect Data 2004-2008.xls,excel_appendix,East Bank 2004,SW6,Sponge,0.0,RECONSTRUCTED MAJOR CATEGORY FROM APPENDIX SUBCATEGORIES,percent_cover,cover,functional_group
2004,EFGB,study_site,RT,Appendix 1 Random Transect Data 2004-2008.xls,excel_appendix,East Bank 2004,SW8,CCA,0.0,RECONSTRUCTED MAJOR CATEGORY FROM APPENDIX SUBCATEGORIES,percent_cover,cover,functional_group
2004,EFGB,study_site,RT,Appendix 1 Random Transect Data 2004-2008.xls,excel_appendix,East Bank 2004,SW8,Colonizable Substrate,39.800000000000004,RECONSTRUCTED MAJOR CATEGORY FROM APPENDIX SUBCATEGORIES,percent_cover,cover,functional_group
2004,EFGB,study_site,RT,Appendix 1 Random Transect Data 2004-2008.xls,excel_appendix,East Bank 2004,SW8,Coral,47.0,RECONSTRUCTED MAJOR CATEGORY FROM APPENDIX SUBCATEGORIES,percent_cover,cover,functional_group
2004,EFGB,study_site,RT,Appendix 1 Random Transect Data 2004-2008.xls,excel_appendix,East Bank 2004,SW8,Hydrocoral,5.6000000000000005,RECONSTRUCTED MAJOR CATEGORY FROM APPENDIX SUBCATEGORIES,percent_cover,cover,functional_group
2004,EFGB,study_site,RT,Appendix 1 Random Transect Data 2004-2008.xls,excel_appendix,East Bank 2004,SW8,Macroalgae,3.8,RECONSTRUCTED MAJOR CATEGORY FROM APPENDIX SUBCATEGORIES,percent_cover,cover,functional_group
2004,EFGB,study_site,RT,Appendix 1 Random Transect Data 2004-2008.xls,excel_appendix,East Bank 2004,SW8,Other,0.0,RECONSTRUCTED MAJOR CATEGORY FROM APPENDIX SUBCATEGORIES,percent_cover,cover,functional_group
2004,EFGB,study_site,RT,Appendix 1 Random Transect Data 2004-2008.xls,excel_appendix,East Bank 2004,SW8,Sand,0.2,RECONSTRUCTED MAJOR CATEGORY FROM APPENDIX SUBCATEGORIES,percent_cover,cover,functional_group
2004,EFGB,study_site,RT,Appendix 1 Random Transect Data 2004-2008.xls,excel_appendix,East Bank 2004,SW8,Sponge,3.4000000000000004,RECONSTRUCTED MAJOR CATEGORY FROM APPENDIX SUBCATEGORIES,percent_cover,cover,functional_group
2004,WFGB,study_site,RT,Appendix 1 Random Transect Data 2004-2008.xls,excel_appendix,West Bank 2004,NE5,CCA,4.8,RECONSTRUCTED MAJOR CATEGORY FROM APPENDIX SUBCATEGORIES,percent_cover,cover,functional_group
2004,WFGB,study_site,RT,Appendix 1 Random Transect Data 2004-2008.xls,excel_appendix,West Bank 2004,NE5,Colonizable Substrate,11.4,RECONSTRUCTED MAJOR CATEGORY FROM APPENDIX SUBCATEGORIES,percent_cover,cover,functional_group
2004,WFGB,study_site,RT,Appendix 1 Random Transect Data 2004-2008.xls,excel_appendix,West Bank 2004,NE5,Coral,69.2,RECONSTRUCTED MAJOR CATEGORY FROM APPENDIX SUBCATEGORIES,percent_cover,cover,functional_group
2004,WFGB,study_site,RT,Appendix 1 Random Transect Data 2004-2008.xls,excel_appendix,West Bank 2004,NE5,Hydrocoral,0.0,RECONSTRUCTED MAJOR CATEGORY FROM APPENDIX SUBCATEGORIES,percent_cover,cover,functional_group
2004,WFGB,study_site,RT,Appendix 1 Random Transect Data 2004-2008.xls,excel_appendix,West Bank 2004,NE5,Macroalgae,9.0,RECONSTRUCTED MAJOR CATEGORY FROM APPENDIX SUBCATEGORIES,percent_cover,cover,functional_group
2004,WFGB,study_site,RT,Appendix 1 Random Transect Data 2004-2008.xls,excel_appendix,West Bank 2004,NE5,Other,0.0,RECONSTRUCTED MAJOR CATEGORY FROM APPENDIX SUBCATEGORIES,percent_cover,cover,functional_group
2004,WFGB,study_site,RT,Appendix 1 Random Transect Data 2004-2008.xls,excel_appendix,West Bank 2004,NE5,Sand,4.4,RECONSTRUCTED MAJOR CATEGORY FROM APPENDIX SUBCATEGORIES,percent_cover,cover,functional_group
2004,WFGB,study_site,RT,Appendix 1 Random Transect Data 2004-2008.xls,excel_appendix,West Bank 2004,NE5,Sponge,0.4,RECONSTRUCTED MAJOR CATEGORY FROM APPENDIX SUBCATEGORIES,percent_cover,cover,functional_group
2004,WFGB,study_site,RT,Appendix 1 Random Transect Data 2004-2008.xls,excel_appendix,West Bank 2004,NE6,CCA,0.4,RECONSTRUCTED MAJOR CATEGORY FROM APPENDIX SUBCATEGORIES,percent_cover,cover,functional_group
2004,WFGB,study_site,RT,Appendix 1 Random Transect Data 2004-2008.xls,excel_appendix,West Bank 2004,NE6,Colonizable Substrate,12.4,RECONSTRUCTED MAJOR CATEGORY FROM APPENDIX SUBCATEGORIES,percent_cover,cover,functional_group
2004,WFGB,study_site,RT,Appendix 1 Random Transect Data 2004-2008.xls,excel_appendix,West Bank 2004,NE6,Coral,77.6,RECONSTRUCTED MAJOR CATEGORY FROM APPENDIX SUBCATEGORIES,percent_cover,cover,functional_group
2004,WFGB,study_site,RT,Appendix 1 Random Transect Data 2004-2008.xls,excel_appendix,West Bank 2004,NE6,Hydrocoral,0.0,RECONSTRUCTED MAJOR CATEGORY FROM APPENDIX SUBCATEGORIES,percent_cover,cover,functional_group
2004,WFGB,study_site,RT,Appendix 1 Random Transect Data 2004-2008.xls,excel_appendix,West Bank 2004,NE6,Macroalgae,9.399999999999999,RECONSTRUCTED MAJOR CATEGORY FROM APPENDIX SUBCATEGORIES,percent_cover,cover,functional_group
2004,WFGB,study_site,RT,Appendix 1 Random Transect Data 2004-2008.xls,excel_appendix,West Bank 2004,NE6,Other,0.0,RECONSTRUCTED MAJOR CATEGORY FROM APPENDIX SUBCATEGORIES,percent_cover,cover,functional_group
2004,WFGB,study_site,RT,Appendix 1 Random Transect Data 2004-2008.xls,excel_appendix,West Bank 2004,NE6,Sand,0.2,RECONSTRUCTED MAJOR CATEGORY FROM APPENDIX SUBCATEGORIES,percent_cover,cover,functional_group
2004,WFGB,study_site,RT,Appendix 1 Random Transect Data 2004-2008.xls,excel_appendix,West Bank 2004,NE6,Sponge,0.0,RECONSTRUCTED MAJOR CATEGORY FROM APPENDIX SUBCATEGORIES,percent_cover,cover,functional_group
2004,WFGB,study_site,RT,Appendix 1 Random Transect Data 2004-2008.xls,excel_appendix,West Bank 2004,NE7,CCA,2.2,RECONSTRUCTED MAJOR CATEGORY FROM APPENDIX SUBCATEGORIES,percent_cover,cover,functional_group
2004,WFGB,study_site,RT,Appendix 1 Random Transect Data 2004-2008.xls,excel_appendix,West Bank 2004,NE7,Colonizable Substrate,19.0,RECONSTRUCTED MAJOR CATEGORY FROM APPENDIX SUBCATEGORIES,percent_cover,cover,functional_group
2004,WFGB,study_site,RT,Appendix 1 Random Transect Data 2004-2008.xls,excel_appendix,West Bank 2004,NE7,Coral,51.4,RECONSTRUCTED MAJOR CATEGORY FROM APPENDIX SUBCATEGORIES,percent_cover,cover,functional_group
2004,WFGB,study_site,RT,Appendix 1 Random Transect Data 2004-2008.xls,excel_appendix,West Bank 2004,NE7,Hydrocoral,1.6,RECONSTRUCTED MAJOR CATEGORY FROM APPENDIX SUBCATEGORIES,percent_cover,cover,functional_group
2004,WFGB,study_site,RT,Appendix 1 Random Transect Data 2004-2008.xls,excel_appendix,West Bank 2004,NE7,Macroalgae,22.0,RECONSTRUCTED MAJOR CATEGORY FROM APPENDIX SUBCATEGORIES,percent_cover,cover,functional_group
2004,WFGB,study_site,RT,Appendix 1 Random Transect Data 2004-2008.xls,excel_appendix,West Bank 2004,NE7,Other,0.0,RECONSTRUCTED MAJOR CATEGORY FROM APPENDIX SUBCATEGORIES,percent_cover,cover,functional_group
2004,WFGB,study_site,RT,Appendix 1 Random Transect Data 2004-2008.xls,excel_appendix,West Bank 2004,NE7,Sand,0.2,RECONSTRUCTED MAJOR CATEGORY FROM APPENDIX SUBCATEGORIES,percent_cover,cover,functional_group
2004,WFGB,study_site,RT,Appendix 1 Random Transect Data 2004-2008.xls,excel_appendix,West Bank 2004,NE7,Sponge,2.4,RECONSTRUCTED MAJOR CATEGORY FROM APPENDIX SUBCATEGORIES,percent_cover,cover,functional_group
2004,WFGB,study_site,RT,Appendix 1 Random Transect Data 2004-2008.xls,excel_appendix,West Bank 2004,NE8,CCA,0.0,RECONSTRUCTED MAJOR CATEGORY FROM APPENDIX SUBCATEGORIES,percent_cover,cover,functional_group
2004,WFGB,study_site,RT,Appendix 1 Random Transect Data 2004-2008.xls,excel_appendix,West Bank 2004,NE8,Colonizable Substrate,20.599999999999998,RECONSTRUCTED MAJOR CATEGORY FROM APPENDIX SUBCATEGORIES,percent_cover,cover,functional_group
2004,WFGB,study_site,RT,Appendix 1 Random Transect Data 2004-2008.xls,excel_appendix,West Bank 2004,NE8,Coral,57.8,RECONSTRUCTED MAJOR CATEGORY FROM APPENDIX SUBCATEGORIES,percent_cover,cover,functional_group
2004,WFGB,study_site,RT,Appendix 1 Random Transect Data 2004-2008.xls,excel_appendix,West Bank 2004,NE8,Hydrocoral,0.0,RECONSTRUCTED MAJOR CATEGORY FROM APPENDIX SUBCATEGORIES,percent_cover,cover,functional_group
2004,WFGB,study_site,RT,Appendix 1 Random Transect Data 2004-2008.xls,excel_appendix,West Bank 2004,NE8,Macroalgae,18.2,RECONSTRUCTED MAJOR CATEGORY FROM APPENDIX SUBCATEGORIES,percent_cover,cover,functional_group
2004,WFGB,study_site,RT,Appendix 1 Random Transect Data 2004-2008.xls,excel_appendix,West Bank 2004,NE8,Other,0.0,RECONSTRUCTED MAJOR CATEGORY FROM APPENDIX SUBCATEGORIES,percent_cover,cover,functional_group
2004,WFGB,study_site,RT,Appendix 1 Random Transect Data 2004-2008.xls,excel_appendix,West Bank 2004,NE8,Sand,2.6,RECONSTRUCTED MAJOR CATEGORY FROM APPENDIX SUBCATEGORIES,percent_cover,cover,functional_group
2004,WFGB,study_site,RT,Appendix 1 Random Transect Data 2004-2008.xls,excel_appendix,West Bank 2004,NE8,Sponge,0.2,RECONSTRUCTED MAJOR CATEGORY FROM APPENDIX SUBCATEGORIES,percent_cover,cover,functional_group
2004,WFGB,study_site,RT,Appendix 1 Random Transect Data 2004-2008.xls,excel_appendix,West Bank 2004,NW10,CCA,1.2,RECONSTRUCTED MAJOR CATEGORY FROM APPENDIX SUBCATEGORIES,percent_cover,cover,functional_group
2004,WFGB,study_site,RT,Appendix 1 Random Transect Data 2004-2008.xls,excel_appendix,West Bank 2004,NW10,Colonizable Substrate,13.8,RECONSTRUCTED MAJOR CATEGORY FROM APPENDIX SUBCATEGORIES,percent_cover,cover,functional_group
2004,WFGB,study_site,RT,Appendix 1 Random Transect Data 2004-2008.xls,excel_appendix,West Bank 2004,NW10,Coral,76.4,RECONSTRUCTED MAJOR CATEGORY FROM APPENDIX SUBCATEGORIES,percent_cover,cover,functional_group
2004,WFGB,study_site,RT,Appendix 1 Random Transect Data 2004-2008.xls,excel_appendix,West Bank 2004,NW10,Hydrocoral,0.2,RECONSTRUCTED MAJOR CATEGORY FROM APPENDIX SUBCATEGORIES,percent_cover,cover,functional_group
2004,WFGB,study_site,RT,Appendix 1 Random Transect Data 2004-2008.xls,excel_appendix,West Bank 2004,NW10,Macroalgae,4.8,RECONSTRUCTED MAJOR CATEGORY FROM APPENDIX SUBCATEGORIES,percent_cover,cover,functional_group
2004,WFGB,study_site,RT,Appendix 1 Random Transect Data 2004-2008.xls,excel_appendix,West Bank 2004,NW10,Other,0.0,RECONSTRUCTED MAJOR CATEGORY FROM APPENDIX SUBCATEGORIES,percent_cover,cover,functional_group
2004,WFGB,study_site,RT,Appendix 1 Random Transect Data 2004-2008.xls,excel_appendix,West Bank 2004,NW10,Sand,3.2,RECONSTRUCTED MAJOR CATEGORY FROM APPENDIX SUBCATEGORIES,percent_cover,cover,functional_group
2004,WFGB,study_site,RT,Appendix 1 Random Transect Data 2004-2008.xls,excel_appendix,West Bank 2004,NW10,Sponge,0.0,RECONSTRUCTED MAJOR CATEGORY FROM APPENDIX SUBCATEGORIES,percent_cover,cover,functional_group
2004,WFGB,study_site,RT,Appendix 1 Random Transect Data 2004-2008.xls,excel_appendix,West Bank 2004,NW3,CCA,9.2,RECONSTRUCTED MAJOR CATEGORY FROM APPENDIX SUBCATEGORIES,percent_cover,cover,functional_group
2004,WFGB,study_site,RT,Appendix 1 Random Transect Data 2004-2008.xls,excel_appendix,West Bank 2004,NW3,Colonizable Substrate,14.0,RECONSTRUCTED MAJOR CATEGORY FROM APPENDIX SUBCATEGORIES,percent_cover,cover,functional_group
2004,WFGB,study_site,RT,Appendix 1 Random Transect Data 2004-2008.xls,excel_appendix,West Bank 2004,NW3,Coral,52.599999999999994,RECONSTRUCTED MAJOR CATEGORY FROM APPENDIX SUBCATEGORIES,percent_cover,cover,functional_group
2004,WFGB,study_site,RT,Appendix 1 Random Transect Data 2004-2008.xls,excel_appendix,West Bank 2004,NW3,Hydrocoral,4.4,RECONSTRUCTED MAJOR CATEGORY FROM APPENDIX SUBCATEGORIES,percent_cover,cover,functional_group
2004,WFGB,study_site,RT,Appendix 1 Random Transect Data 2004-2008.xls,excel_appendix,West Bank 2004,NW3,Macroalgae,16.8,RECONSTRUCTED MAJOR CATEGORY FROM APPENDIX SUBCATEGORIES,percent_cover,cover,functional_group
2004,WFGB,study_site,RT,Appendix 1 Random Transect Data 2004-2008.xls,excel_appendix,West Bank 2004,NW3,Other,0.0,RECONSTRUCTED MAJOR CATEGORY FROM APPENDIX SUBCATEGORIES,percent_cover,cover,functional_group
2004,WFGB,study_site,RT,Appendix 1 Random Transect Data 2004-2008.xls,excel_appendix,West Bank 2004,NW3,Sand,0.0,RECONSTRUCTED MAJOR CATEGORY FROM APPENDIX SUBCATEGORIES,percent_cover,cover,functional_group
2004,WFGB,study_site,RT,Appendix 1 Random Transect Data 2004-2008.xls,excel_appendix,West Bank 2004,NW3,Sponge,0.4,RECONSTRUCTED MAJOR CATEGORY FROM APPENDIX SUBCATEGORIES,percent_cover,cover,functional_group
2004,WFGB,study_site,RT,Appendix 1 Random Transect Data 2004-2008.xls,excel_appendix,West Bank 2004,NW4,CCA,10.2,RECONSTRUCTED MAJOR CATEGORY FROM APPENDIX SUBCATEGORIES,percent_cover,cover,functional_group
2004,WFGB,study_site,RT,Appendix 1 Random Transect Data 2004-2008.xls,excel_appendix,West Bank 2004,NW4,Colonizable Substrate,28.0,RECONSTRUCTED MAJOR CATEGORY FROM APPENDIX SUBCATEGORIES,percent_cover,cover,functional_group
2004,WFGB,study_site,RT,Appendix 1 Random Transect Data 2004-2008.xls,excel_appendix,West Bank 2004,NW4,Coral,31.4,RECONSTRUCTED MAJOR CATEGORY FROM APPENDIX SUBCATEGORIES,percent_cover,cover,functional_group
2004,WFGB,study_site,RT,Appendix 1 Random Transect Data 2004-2008.xls,excel_appendix,West Bank 2004,NW4,Hydrocoral,7.4,RECONSTRUCTED MAJOR CATEGORY FROM APPENDIX SUBCATEGORIES,percent_cover,cover,functional_group
2004,WFGB,study_site,RT,Appendix 1 Random Transect Data 2004-2008.xls,excel_appendix,West Bank 2004,NW4,Macroalgae,20.400000000000002,RECONSTRUCTED MAJOR CATEGORY FROM APPENDIX SUBCATEGORIES,percent_cover,cover,functional_group
2004,WFGB,study_site,RT,Appendix 1 Random Transect Data 2004-2008.xls,excel_appendix,West Bank 2004,NW4,Other,0.0,RECONSTRUCTED MAJOR CATEGORY FROM APPENDIX SUBCATEGORIES,percent_cover,cover,functional_group
2004,WFGB,study_site,RT,Appendix 1 Random Transect Data 2004-2008.xls,excel_appendix,West Bank 2004,NW4,Sand,0.0,RECONSTRUCTED MAJOR CATEGORY FROM APPENDIX SUBCATEGORIES,percent_cover,cover,functional_group
2004,WFGB,study_site,RT,Appendix 1 Random Transect Data 2004-2008.xls,excel_appendix,West Bank 2004,NW4,Sponge,0.6,RECONSTRUCTED MAJOR CATEGORY FROM APPENDIX SUBCATEGORIES,percent_cover,cover,functional_group
2004,WFGB,study_site,RT,Appendix 1 Random Transect Data 2004-2008.xls,excel_appendix,West Bank 2004,NW9,CCA,4.8,RECONSTRUCTED MAJOR CATEGORY FROM APPENDIX SUBCATEGORIES,percent_cover,cover,functional_group
2004,WFGB,study_site,RT,Appendix 1 Random Transect Data 2004-2008.xls,excel_appendix,West Bank 2004,NW9,Colonizable Substrate,17.599999999999998,RECONSTRUCTED MAJOR CATEGORY FROM APPENDIX SUBCATEGORIES,percent_cover,cover,functional_group
2004,WFGB,study_site,RT,Appendix 1 Random Transect Data 2004-2008.xls,excel_appendix,West Bank 2004,NW9,Coral,49.800000000000004,RECONSTRUCTED MAJOR CATEGORY FROM APPENDIX SUBCATEGORIES,percent_cover,cover,functional_group
2004,WFGB,study_site,RT,Appendix 1 Random Transect Data 2004-2008.xls,excel_appendix,West Bank 2004,NW9,Hydrocoral,0.0,RECONSTRUCTED MAJOR CATEGORY FROM APPENDIX SUBCATEGORIES,percent_cover,cover,functional_group
2004,WFGB,study_site,RT,Appendix 1 Random Transect Data 2004-2008.xls,excel_appendix,West Bank 2004,NW9,Macroalgae,21.8,RECONSTRUCTED MAJOR CATEGORY FROM APPENDIX SUBCATEGORIES,percent_cover,cover,functional_group
2004,WFGB,study_site,RT,Appendix 1 Random Transect Data 2004-2008.xls,excel_appendix,West Bank 2004,NW9,Other,0.0,RECONSTRUCTED MAJOR CATEGORY FROM APPENDIX SUBCATEGORIES,percent_cover,cover,functional_group
2004,WFGB,study_site,RT,Appendix 1 Random Transect Data 2004-2008.xls,excel_appendix,West Bank 2004,NW9,Sand,0.2,RECONSTRUCTED MAJOR CATEGORY FROM APPENDIX SUBCATEGORIES,percent_cover,cover,functional_group
2004,WFGB,study_site,RT,Appendix 1 Random Transect Data 2004-2008.xls,excel_appendix,West Bank 2004,NW9,Sponge,0.6,RECONSTRUCTED MAJOR CATEGORY FROM APPENDIX SUBCATEGORIES,percent_cover,cover,functional_group
2004,WFGB,study_site,RT,Appendix 1 Random Transect Data 2004-2008.xls,excel_appendix,West Bank 2004,SE13,CCA,0.4,RECONSTRUCTED MAJOR CATEGORY FROM APPENDIX SUBCATEGORIES,percent_cover,cover,functional_group
2004,WFGB,study_site,RT,Appendix 1 Random Transect Data 2004-2008.xls,excel_appendix,West Bank 2004,SE13,Colonizable Substrate,17.599999999999998,RECONSTRUCTED MAJOR CATEGORY FROM APPENDIX SUBCATEGORIES,percent_cover,cover,functional_group
2004,WFGB,study_site,RT,Appendix 1 Random Transect Data 2004-2008.xls,excel_appendix,West Bank 2004,SE13,Coral,58.00000000000001,RECONSTRUCTED MAJOR CATEGORY FROM APPENDIX SUBCATEGORIES,percent_cover,cover,functional_group
2004,WFGB,study_site,RT,Appendix 1 Random Transect Data 2004-2008.xls,excel_appendix,West Bank 2004,SE13,Hydrocoral,0.0,RECONSTRUCTED MAJOR CATEGORY FROM APPENDIX SUBCATEGORIES,percent_cover,cover,functional_group
2004,WFGB,study_site,RT,Appendix 1 Random Transect Data 2004-2008.xls,excel_appendix,West Bank 2004,SE13,Macroalgae,21.0,RECONSTRUCTED MAJOR CATEGORY FROM APPENDIX SUBCATEGORIES,percent_cover,cover,functional_group
2004,WFGB,study_site,RT,Appendix 1 Random Transect Data 2004-2008.xls,excel_appendix,West Bank 2004,SE13,Other,0.4,RECONSTRUCTED MAJOR CATEGORY FROM APPENDIX SUBCATEGORIES,percent_cover,cover,functional_group
2004,WFGB,study_site,RT,Appendix 1 Random Transect Data 2004-2008.xls,excel_appendix,West Bank 2004,SE13,Sand,0.0,RECONSTRUCTED MAJOR CATEGORY FROM APPENDIX SUBCATEGORIES,percent_cover,cover,functional_group
2004,WFGB,study_site,RT,Appendix 1 Random Transect Data 2004-2008.xls,excel_appendix,West Bank 2004,SE13,Sponge,0.4,RECONSTRUCTED MAJOR CATEGORY FROM APPENDIX SUBCATEGORIES,percent_cover,cover,functional_group
2004,WFGB,study_site,RT,Appendix 1 Random Transect Data 2004-2008.xls,excel_appendix,West Bank 2004,SE14,CCA,0.2,RECONSTRUCTED MAJOR CATEGORY FROM APPENDIX SUBCATEGORIES,percent_cover,cover,functional_group
2004,WFGB,study_site,RT,Appendix 1 Random Transect Data 2004-2008.xls,excel_appendix,West Bank 2004,SE14,Colonizable Substrate,15.2,RECONSTRUCTED MAJOR CATEGORY FROM APPENDIX SUBCATEGORIES,percent_cover,cover,functional_group
2004,WFGB,study_site,RT,Appendix 1 Random Transect Data 2004-2008.xls,excel_appendix,West Bank 2004,SE14,Coral,66.0,RECONSTRUCTED MAJOR CATEGORY FROM APPENDIX SUBCATEGORIES,percent_cover,cover,functional_group
2004,WFGB,study_site,RT,Appendix 1 Random Transect Data 2004-2008.xls,excel_appendix,West Bank 2004,SE14,Hydrocoral,1.0,RECONSTRUCTED MAJOR CATEGORY FROM APPENDIX SUBCATEGORIES,percent_cover,cover,functional_group
2004,WFGB,study_site,RT,Appendix 1 Random Transect Data 2004-2008.xls,excel_appendix,West Bank 2004,SE14,Macroalgae,12.2,RECONSTRUCTED MAJOR CATEGORY FROM APPENDIX SUBCATEGORIES,percent_cover,cover,functional_group
2004,WFGB,study_site,RT,Appendix 1 Random Transect Data 2004-2008.xls,excel_appendix,West Bank 2004,SE14,Other,0.0,RECONSTRUCTED MAJOR CATEGORY FROM APPENDIX SUBCATEGORIES,percent_cover,cover,functional_group
2004,WFGB,study_site,RT,Appendix 1 Random Transect Data 2004-2008.xls,excel_appendix,West Bank 2004,SE14,Sand,3.0,RECONSTRUCTED MAJOR CATEGORY FROM APPENDIX SUBCATEGORIES,percent_cover,cover,functional_group
2004,WFGB,study_site,RT,Appendix 1 Random Transect Data 2004-2008.xls,excel_appendix,West Bank 2004,SE14,Sponge,0.2,RECONSTRUCTED MAJOR CATEGORY FROM APPENDIX SUBCATEGORIES,percent_cover,cover,functional_group
2004,WFGB,study_site,RT,Appendix 1 Random Transect Data 2004-2008.xls,excel_appendix,West Bank 2004,SE15,CCA,0.0,RECONSTRUCTED MAJOR CATEGORY FROM APPENDIX SUBCATEGORIES,percent_cover,cover,functional_group
2004,WFGB,study_site,RT,Appendix 1 Random Transect Data 2004-2008.xls,excel_appendix,West Bank 2004,SE15,Colonizable Substrate,15.0,RECONSTRUCTED MAJOR CATEGORY FROM APPENDIX SUBCATEGORIES,percent_cover,cover,functional_group
2004,WFGB,study_site,RT,Appendix 1 Random Transect Data 2004-2008.xls,excel_appendix,West Bank 2004,SE15,Coral,61.6,RECONSTRUCTED MAJOR CATEGORY FROM APPENDIX SUBCATEGORIES,percent_cover,cover,functional_group
2004,WFGB,study_site,RT,Appendix 1 Random Transect Data 2004-2008.xls,excel_appendix,West Bank 2004,SE15,Hydrocoral,1.4,RECONSTRUCTED MAJOR CATEGORY FROM APPENDIX SUBCATEGORIES,percent_cover,cover,functional_group
2004,WFGB,study_site,RT,Appendix 1 Random Transect Data 2004-2008.xls,excel_appendix,West Bank 2004,SE15,Macroalgae,18.8,RECONSTRUCTED MAJOR CATEGORY FROM APPENDIX SUBCATEGORIES,percent_cover,cover,functional_group
2004,WFGB,study_site,RT,Appendix 1 Random Transect Data 2004-2008.xls,excel_appendix,West Bank 2004,SE15,Other,0.0,RECONSTRUCTED MAJOR CATEGORY FROM APPENDIX SUBCATEGORIES,percent_cover,cover,functional_group
2004,WFGB,study_site,RT,Appendix 1 Random Transect Data 2004-2008.xls,excel_appendix,West Bank 2004,SE15,Sand,0.0,RECONSTRUCTED MAJOR CATEGORY FROM APPENDIX SUBCATEGORIES,percent_cover,cover,functional_group
2004,WFGB,study_site,RT,Appendix 1 Random Transect Data 2004-2008.xls,excel_appendix,West Bank 2004,SE15,Sponge,0.0,RECONSTRUCTED MAJOR CATEGORY FROM APPENDIX SUBCATEGORIES,percent_cover,cover,functional_group
2004,WFGB,study_site,RT,Appendix 1 Random Transect Data 2004-2008.xls,excel_appendix,West Bank 2004,SE16,CCA,0.0,RECONSTRUCTED MAJOR CATEGORY FROM APPENDIX SUBCATEGORIES,percent_cover,cover,functional_group
2004,WFGB,study_site,RT,Appendix 1 Random Transect Data 2004-2008.xls,excel_appendix,West Bank 2004,SE16,Colonizable Substrate,14.600000000000001,RECONSTRUCTED MAJOR CATEGORY FROM APPENDIX SUBCATEGORIES,percent_cover,cover,functional_group
2004,WFGB,study_site,RT,Appendix 1 Random Transect Data 2004-2008.xls,excel_appendix,West Bank 2004,SE16,Coral,59.0,RECONSTRUCTED MAJOR CATEGORY FROM APPENDIX SUBCATEGORIES,percent_cover,cover,functional_group
2004,WFGB,study_site,RT,Appendix 1 Random Transect Data 2004-2008.xls,excel_appendix,West Bank 2004,SE16,Hydrocoral,0.0,RECONSTRUCTED MAJOR CATEGORY FROM APPENDIX SUBCATEGORIES,percent_cover,cover,functional_group
2004,WFGB,study_site,RT,Appendix 1 Random Transect Data 2004-2008.xls,excel_appendix,West Bank 2004,SE16,Macroalgae,16.8,RECONSTRUCTED MAJOR CATEGORY FROM APPENDIX SUBCATEGORIES,percent_cover,cover,functional_group
2004,WFGB,study_site,RT,Appendix 1 Random Transect Data 2004-2008.xls,excel_appendix,West Bank 2004,SE16,Other,0.0,RECONSTRUCTED MAJOR CATEGORY FROM APPENDIX SUBCATEGORIES,percent_cover,cover,functional_group
2004,WFGB,study_site,RT,Appendix 1 Random Transect Data 2004-2008.xls,excel_appendix,West Bank 2004,SE16,Sand,9.0,RECONSTRUCTED MAJOR CATEGORY FROM APPENDIX SUBCATEGORIES,percent_cover,cover,functional_group
2004,WFGB,study_site,RT,Appendix 1 Random Transect Data 2004-2008.xls,excel_appendix,West Bank 2004,SE16,Sponge,0.0,RECONSTRUCTED MAJOR CATEGORY FROM APPENDIX SUBCATEGORIES,percent_cover,cover,functional_group
2004,WFGB,study_site,RT,Appendix 1 Random Transect Data 2004-2008.xls,excel_appendix,West Bank 2004,SW1,CCA,4.2,RECONSTRUCTED MAJOR CATEGORY FROM APPENDIX SUBCATEGORIES,percent_cover,cover,functional_group
2004,WFGB,study_site,RT,Appendix 1 Random Transect Data 2004-2008.xls,excel_appendix,West Bank 2004,SW1,Colonizable Substrate,18.8,RECONSTRUCTED MAJOR CATEGORY FROM APPENDIX SUBCATEGORIES,percent_cover,cover,functional_group
2004,WFGB,study_site,RT,Appendix 1 Random Transect Data 2004-2008.xls,excel_appendix,West Bank 2004,SW1,Coral,67.2,RECONSTRUCTED MAJOR CATEGORY FROM APPENDIX SUBCATEGORIES,percent_cover,cover,functional_group
2004,WFGB,study_site,RT,Appendix 1 Random Transect Data 2004-2008.xls,excel_appendix,West Bank 2004,SW1,Hydrocoral,0.0,RECONSTRUCTED MAJOR CATEGORY FROM APPENDIX SUBCATEGORIES,percent_cover,cover,functional_group
2004,WFGB,study_site,RT,Appendix 1 Random Transect Data 2004-2008.xls,excel_appendix,West Bank 2004,SW1,Macroalgae,8.8,RECONSTRUCTED MAJOR CATEGORY FROM APPENDIX SUBCATEGORIES,percent_cover,cover,functional_group
2004,WFGB,study_site,RT,Appendix 1 Random Transect Data 2004-2008.xls,excel_appendix,West Bank 2004,SW1,Other,0.2,RECONSTRUCTED MAJOR CATEGORY FROM APPENDIX SUBCATEGORIES,percent_cover,cover,functional_group
2004,WFGB,study_site,RT,Appendix 1 Random Transect Data 2004-2008.xls,excel_appendix,West Bank 2004,SW1,Sand,0.6,RECONSTRUCTED MAJOR CATEGORY FROM APPENDIX SUBCATEGORIES,percent_cover,cover,functional_group
2004,WFGB,study_site,RT,Appendix 1 Random Transect Data 2004-2008.xls,excel_appendix,West Bank 2004,SW1,Sponge,0.0,RECONSTRUCTED MAJOR CATEGORY FROM APPENDIX SUBCATEGORIES,percent_cover,cover,functional_group
2004,WFGB,study_site,RT,Appendix 1 Random Transect Data 2004-2008.xls,excel_appendix,West Bank 2004,SW11,CCA,0.4,RECONSTRUCTED MAJOR CATEGORY FROM APPENDIX SUBCATEGORIES,percent_cover,cover,functional_group
2004,WFGB,study_site,RT,Appendix 1 Random Transect Data 2004-2008.xls,excel_appendix,West Bank 2004,SW11,Colonizable Substrate,27.6,RECONSTRUCTED MAJOR CATEGORY FROM APPENDIX SUBCATEGORIES,percent_cover,cover,functional_group
2004,WFGB,study_site,RT,Appendix 1 Random Transect Data 2004-2008.xls,excel_appendix,West Bank 2004,SW11,Coral,47.0,RECONSTRUCTED MAJOR CATEGORY FROM APPENDIX SUBCATEGORIES,percent_cover,cover,functional_group
2004,WFGB,study_site,RT,Appendix 1 Random Transect Data 2004-2008.xls,excel_appendix,West Bank 2004,SW11,Hydrocoral,0.0,RECONSTRUCTED MAJOR CATEGORY FROM APPENDIX SUBCATEGORIES,percent_cover,cover,functional_group
2004,WFGB,study_site,RT,Appendix 1 Random Transect Data 2004-2008.xls,excel_appendix,West Bank 2004,SW11,Macroalgae,20.400000000000002,RECONSTRUCTED MAJOR CATEGORY FROM APPENDIX SUBCATEGORIES,percent_cover,cover,functional_group
2004,WFGB,study_site,RT,Appendix 1 Random Transect Data 2004-2008.xls,excel_appendix,West Bank 2004,SW11,Other,0.0,RECONSTRUCTED MAJOR CATEGORY FROM APPENDIX SUBCATEGORIES,percent_cover,cover,functional_group
2004,WFGB,study_site,RT,Appendix 1 Random Transect Data 2004-2008.xls,excel_appendix,West Bank 2004,SW11,Sand,0.2,RECONSTRUCTED MAJOR CATEGORY FROM APPENDIX SUBCATEGORIES,percent_cover,cover,functional_group
2004,WFGB,study_site,RT,Appendix 1 Random Transect Data 2004-2008.xls,excel_appendix,West Bank 2004,SW11,Sponge,0.2,RECONSTRUCTED MAJOR CATEGORY FROM APPENDIX SUBCATEGORIES,percent_cover,cover,functional_group
2004,WFGB,study_site,RT,Appendix 1 Random Transect Data 2004-2008.xls,excel_appendix,West Bank 2004,SW12,CCA,0.0,RECONSTRUCTED MAJOR CATEGORY FROM APPENDIX SUBCATEGORIES,percent_cover,cover,functional_group
2004,WFGB,study_site,RT,Appendix 1 Random Transect Data 2004-2008.xls,excel_appendix,West Bank 2004,SW12,Colonizable Substrate,11.0,RECONSTRUCTED MAJOR CATEGORY FROM APPENDIX SUBCATEGORIES,percent_cover,cover,functional_group
2004,WFGB,study_site,RT,Appendix 1 Random Transect Data 2004-2008.xls,excel_appendix,West Bank 2004,SW12,Coral,77.6,RECONSTRUCTED MAJOR CATEGORY FROM APPENDIX SUBCATEGORIES,percent_cover,cover,functional_group
2004,WFGB,study_site,RT,Appendix 1 Random Transect Data 2004-2008.xls,excel_appendix,West Bank 2004,SW12,Hydrocoral,0.8,RECONSTRUCTED MAJOR CATEGORY FROM APPENDIX SUBCATEGORIES,percent_cover,cover,functional_group
2004,WFGB,study_site,RT,Appendix 1 Random Transect Data 2004-2008.xls,excel_appendix,West Bank 2004,SW12,Macroalgae,8.799999999999999,RECONSTRUCTED MAJOR CATEGORY FROM APPENDIX SUBCATEGORIES,percent_cover,cover,functional_group
2004,WFGB,study_site,RT,Appendix 1 Random Transect Data 2004-2008.xls,excel_appendix,West Bank 2004,SW12,Other,0.0,RECONSTRUCTED MAJOR CATEGORY FROM APPENDIX SUBCATEGORIES,percent_cover,cover,functional_group
2004,WFGB,study_site,RT,Appendix 1 Random Transect Data 2004-2008.xls,excel_appendix,West Bank 2004,SW12,Sand,0.6,RECONSTRUCTED MAJOR CATEGORY FROM APPENDIX SUBCATEGORIES,percent_cover,cover,functional_group
2004,WFGB,study_site,RT,Appendix 1 Random Transect Data 2004-2008.xls,excel_appendix,West Bank 2004,SW12,Sponge,1.0,RECONSTRUCTED MAJOR CATEGORY FROM APPENDIX SUBCATEGORIES,percent_cover,cover,functional_group
2004,WFGB,study_site,RT,Appendix 1 Random Transect Data 2004-2008.xls,excel_appendix,West Bank 2004,SW2,CCA,15.6,RECONSTRUCTED MAJOR CATEGORY FROM APPENDIX SUBCATEGORIES,percent_cover,cover,functional_group
2004,WFGB,study_site,RT,Appendix 1 Random Transect Data 2004-2008.xls,excel_appendix,West Bank 2004,SW2,Colonizable Substrate,24.4,RECONSTRUCTED MAJOR CATEGORY FROM APPENDIX SUBCATEGORIES,percent_cover,cover,functional_group
2004,WFGB,study_site,RT,Appendix 1 Random Transect Data 2004-2008.xls,excel_appendix,West Bank 2004,SW2,Coral,47.2,RECONSTRUCTED MAJOR CATEGORY FROM APPENDIX SUBCATEGORIES,percent_cover,cover,functional_group
2004,WFGB,study_site,RT,Appendix 1 Random Transect Data 2004-2008.xls,excel_appendix,West Bank 2004,SW2,Hydrocoral,0.0,RECONSTRUCTED MAJOR CATEGORY FROM APPENDIX SUBCATEGORIES,percent_cover,cover,functional_group
2004,WFGB,study_site,RT,Appendix 1 Random Transect Data 2004-2008.xls,excel_appendix,West Bank 2004,SW2,Macroalgae,6.8,RECONSTRUCTED MAJOR CATEGORY FROM APPENDIX SUBCATEGORIES,percent_cover,cover,functional_group
2004,WFGB,study_site,RT,Appendix 1 Random Transect Data 2004-2008.xls,excel_appendix,West Bank 2004,SW2,Other,0.0,RECONSTRUCTED MAJOR CATEGORY FROM APPENDIX SUBCATEGORIES,percent_cover,cover,functional_group
2004,WFGB,study_site,RT,Appendix 1 Random Transect Data 2004-2008.xls,excel_appendix,West Bank 2004,SW2,Sand,2.4,RECONSTRUCTED MAJOR CATEGORY FROM APPENDIX SUBCATEGORIES,percent_cover,cover,functional_group
2004,WFGB,study_site,RT,Appendix 1 Random Transect Data 2004-2008.xls,excel_appendix,West Bank 2004,SW2,Sponge,0.0,RECONSTRUCTED MAJOR CATEGORY FROM APPENDIX SUBCATEGORIES,percent_cover,cover,functional_group
2005,EFGB,study_site,RT,Appendix 1 Random Transect Data 2004-2008.xls,excel_appendix,East Bank 2005,NE10,CCA,8.4,RECONSTRUCTED MAJOR CATEGORY FROM APPENDIX SUBCATEGORIES,percent_cover,cover,functional_group
2005,EFGB,study_site,RT,Appendix 1 Random Transect Data 2004-2008.xls,excel_appendix,East Bank 2005,NE10,Colonizable Substrate,2.1999999999999997,RECONSTRUCTED MAJOR CATEGORY FROM APPENDIX SUBCATEGORIES,percent_cover,cover,functional_group
2005,EFGB,study_site,RT,Appendix 1 Random Transect Data 2004-2008.xls,excel_appendix,East Bank 2005,NE10,Coral,76.2,RECONSTRUCTED MAJOR CATEGORY FROM APPENDIX SUBCATEGORIES,percent_cover,cover,functional_group
2005,EFGB,study_site,RT,Appendix 1 Random Transect Data 2004-2008.xls,excel_appendix,East Bank 2005,NE10,Hydrocoral,1.4000000000000001,RECONSTRUCTED MAJOR CATEGORY FROM APPENDIX SUBCATEGORIES,percent_cover,cover,functional_group
2005,EFGB,study_site,RT,Appendix 1 Random Transect Data 2004-2008.xls,excel_appendix,East Bank 2005,NE10,Macroalgae,10.2,RECONSTRUCTED MAJOR CATEGORY FROM APPENDIX SUBCATEGORIES,percent_cover,cover,functional_group
2005,EFGB,study_site,RT,Appendix 1 Random Transect Data 2004-2008.xls,excel_appendix,East Bank 2005,NE10,Other,0.4,RECONSTRUCTED MAJOR CATEGORY FROM APPENDIX SUBCATEGORIES,percent_cover,cover,functional_group
2005,EFGB,study_site,RT,Appendix 1 Random Transect Data 2004-2008.xls,excel_appendix,East Bank 2005,NE10,Sand,0.0,RECONSTRUCTED MAJOR CATEGORY FROM APPENDIX SUBCATEGORIES,percent_cover,cover,functional_group
2005,EFGB,study_site,RT,Appendix 1 Random Transect Data 2004-2008.xls,excel_appendix,East Bank 2005,NE10,Sponge,0.2,RECONSTRUCTED MAJOR CATEGORY FROM APPENDIX SUBCATEGORIES,percent_cover,cover,functional_group
2005,EFGB,study_site,RT,Appendix 1 Random Transect Data 2004-2008.xls,excel_appendix,East Bank 2005,NE11,CCA,8.799999999999999,RECONSTRUCTED MAJOR CATEGORY FROM APPENDIX SUBCATEGORIES,percent_cover,cover,functional_group
2005,EFGB,study_site,RT,Appendix 1 Random Transect Data 2004-2008.xls,excel_appendix,East Bank 2005,NE11,Colonizable Substrate,8.799999999999999,RECONSTRUCTED MAJOR CATEGORY FROM APPENDIX SUBCATEGORIES,percent_cover,cover,functional_group
2005,EFGB,study_site,RT,Appendix 1 Random Transect Data 2004-2008.xls,excel_appendix,East Bank 2005,NE11,Coral,40.0,RECONSTRUCTED MAJOR CATEGORY FROM APPENDIX SUBCATEGORIES,percent_cover,cover,functional_group
2005,EFGB,study_site,RT,Appendix 1 Random Transect Data 2004-2008.xls,excel_appendix,East Bank 2005,NE11,Hydrocoral,3.8,RECONSTRUCTED MAJOR CATEGORY FROM APPENDIX SUBCATEGORIES,percent_cover,cover,functional_group
2005,EFGB,study_site,RT,Appendix 1 Random Transect Data 2004-2008.xls,excel_appendix,East Bank 2005,NE11,Macroalgae,34.2,RECONSTRUCTED MAJOR CATEGORY FROM APPENDIX SUBCATEGORIES,percent_cover,cover,functional_group
2005,EFGB,study_site,RT,Appendix 1 Random Transect Data 2004-2008.xls,excel_appendix,East Bank 2005,NE11,Other,0.2,RECONSTRUCTED MAJOR CATEGORY FROM APPENDIX SUBCATEGORIES,percent_cover,cover,functional_group
2005,EFGB,study_site,RT,Appendix 1 Random Transect Data 2004-2008.xls,excel_appendix,East Bank 2005,NE11,Sand,0.0,RECONSTRUCTED MAJOR CATEGORY FROM APPENDIX SUBCATEGORIES,percent_cover,cover,functional_group
2005,EFGB,study_site,RT,Appendix 1 Random Transect Data 2004-2008.xls,excel_appendix,East Bank 2005,NE11,Sponge,0.4,RECONSTRUCTED MAJOR CATEGORY FROM APPENDIX SUBCATEGORIES,percent_cover,cover,functional_group
2005,EFGB,study_site,RT,Appendix 1 Random Transect Data 2004-2008.xls,excel_appendix,East Bank 2005,NE12,CCA,9.0,RECONSTRUCTED MAJOR CATEGORY FROM APPENDIX SUBCATEGORIES,percent_cover,cover,functional_group
2005,EFGB,study_site,RT,Appendix 1 Random Transect Data 2004-2008.xls,excel_appendix,East Bank 2005,NE12,Colonizable Substrate,18.2,RECONSTRUCTED MAJOR CATEGORY FROM APPENDIX SUBCATEGORIES,percent_cover,cover,functional_group
2005,EFGB,study_site,RT,Appendix 1 Random Transect Data 2004-2008.xls,excel_appendix,East Bank 2005,NE12,Coral,36.6,RECONSTRUCTED MAJOR CATEGORY FROM APPENDIX SUBCATEGORIES,percent_cover,cover,functional_group
2005,EFGB,study_site,RT,Appendix 1 Random Transect Data 2004-2008.xls,excel_appendix,East Bank 2005,NE12,Hydrocoral,1.2,RECONSTRUCTED MAJOR CATEGORY FROM APPENDIX SUBCATEGORIES,percent_cover,cover,functional_group
2005,EFGB,study_site,RT,Appendix 1 Random Transect Data 2004-2008.xls,excel_appendix,East Bank 2005,NE12,Macroalgae,30.6,RECONSTRUCTED MAJOR CATEGORY FROM APPENDIX SUBCATEGORIES,percent_cover,cover,functional_group
2005,EFGB,study_site,RT,Appendix 1 Random Transect Data 2004-2008.xls,excel_appendix,East Bank 2005,NE12,Other,0.0,RECONSTRUCTED MAJOR CATEGORY FROM APPENDIX SUBCATEGORIES,percent_cover,cover,functional_group
2005,EFGB,study_site,RT,Appendix 1 Random Transect Data 2004-2008.xls,excel_appendix,East Bank 2005,NE12,Sand,0.0,RECONSTRUCTED MAJOR CATEGORY FROM APPENDIX SUBCATEGORIES,percent_cover,cover,functional_group
2005,EFGB,study_site,RT,Appendix 1 Random Transect Data 2004-2008.xls,excel_appendix,East Bank 2005,NE12,Sponge,0.8,RECONSTRUCTED MAJOR CATEGORY FROM APPENDIX SUBCATEGORIES,percent_cover,cover,functional_group
2005,EFGB,study_site,RT,Appendix 1 Random Transect Data 2004-2008.xls,excel_appendix,East Bank 2005,NE9,CCA,3.0,RECONSTRUCTED MAJOR CATEGORY FROM APPENDIX SUBCATEGORIES,percent_cover,cover,functional_group
2005,EFGB,study_site,RT,Appendix 1 Random Transect Data 2004-2008.xls,excel_appendix,East Bank 2005,NE9,Colonizable Substrate,2.8000000000000003,RECONSTRUCTED MAJOR CATEGORY FROM APPENDIX SUBCATEGORIES,percent_cover,cover,functional_group
2005,EFGB,study_site,RT,Appendix 1 Random Transect Data 2004-2008.xls,excel_appendix,East Bank 2005,NE9,Coral,66.8,RECONSTRUCTED MAJOR CATEGORY FROM APPENDIX SUBCATEGORIES,percent_cover,cover,functional_group
2005,EFGB,study_site,RT,Appendix 1 Random Transect Data 2004-2008.xls,excel_appendix,East Bank 2005,NE9,Hydrocoral,1.6,RECONSTRUCTED MAJOR CATEGORY FROM APPENDIX SUBCATEGORIES,percent_cover,cover,functional_group
2005,EFGB,study_site,RT,Appendix 1 Random Transect Data 2004-2008.xls,excel_appendix,East Bank 2005,NE9,Macroalgae,23.8,RECONSTRUCTED MAJOR CATEGORY FROM APPENDIX SUBCATEGORIES,percent_cover,cover,functional_group
2005,EFGB,study_site,RT,Appendix 1 Random Transect Data 2004-2008.xls,excel_appendix,East Bank 2005,NE9,Other,0.4,RECONSTRUCTED MAJOR CATEGORY FROM APPENDIX SUBCATEGORIES,percent_cover,cover,functional_group
2005,EFGB,study_site,RT,Appendix 1 Random Transect Data 2004-2008.xls,excel_appendix,East Bank 2005,NE9,Sand,0.0,RECONSTRUCTED MAJOR CATEGORY FROM APPENDIX SUBCATEGORIES,percent_cover,cover,functional_group
2005,EFGB,study_site,RT,Appendix 1 Random Transect Data 2004-2008.xls,excel_appendix,East Bank 2005,NE9,Sponge,0.0,RECONSTRUCTED MAJOR CATEGORY FROM APPENDIX SUBCATEGORIES,percent_cover,cover,functional_group
2005,EFGB,study_site,RT,Appendix 1 Random Transect Data 2004-2008.xls,excel_appendix,East Bank 2005,NW13,CCA,0.6,RECONSTRUCTED MAJOR CATEGORY FROM APPENDIX SUBCATEGORIES,percent_cover,cover,functional_group
2005,EFGB,study_site,RT,Appendix 1 Random Transect Data 2004-2008.xls,excel_appendix,East Bank 2005,NW13,Colonizable Substrate,16.8,RECONSTRUCTED MAJOR CATEGORY FROM APPENDIX SUBCATEGORIES,percent_cover,cover,functional_group
2005,EFGB,study_site,RT,Appendix 1 Random Transect Data 2004-2008.xls,excel_appendix,East Bank 2005,NW13,Coral,39.2,RECONSTRUCTED MAJOR CATEGORY FROM APPENDIX SUBCATEGORIES,percent_cover,cover,functional_group
2005,EFGB,study_site,RT,Appendix 1 Random Transect Data 2004-2008.xls,excel_appendix,East Bank 2005,NW13,Hydrocoral,1.0,RECONSTRUCTED MAJOR CATEGORY FROM APPENDIX SUBCATEGORIES,percent_cover,cover,functional_group
2005,EFGB,study_site,RT,Appendix 1 Random Transect Data 2004-2008.xls,excel_appendix,East Bank 2005,NW13,Macroalgae,40.400000000000006,RECONSTRUCTED MAJOR CATEGORY FROM APPENDIX SUBCATEGORIES,percent_cover,cover,functional_group
2005,EFGB,study_site,RT,Appendix 1 Random Transect Data 2004-2008.xls,excel_appendix,East Bank 2005,NW13,Other,0.0,RECONSTRUCTED MAJOR CATEGORY FROM APPENDIX SUBCATEGORIES,percent_cover,cover,functional_group
2005,EFGB,study_site,RT,Appendix 1 Random Transect Data 2004-2008.xls,excel_appendix,East Bank 2005,NW13,Sand,0.6,RECONSTRUCTED MAJOR CATEGORY FROM APPENDIX SUBCATEGORIES,percent_cover,cover,functional_group
2005,EFGB,study_site,RT,Appendix 1 Random Transect Data 2004-2008.xls,excel_appendix,East Bank 2005,NW13,Sponge,0.0,RECONSTRUCTED MAJOR CATEGORY FROM APPENDIX SUBCATEGORIES,percent_cover,cover,functional_group
2005,EFGB,study_site,RT,Appendix 1 Random Transect Data 2004-2008.xls,excel_appendix,East Bank 2005,NW14,CCA,1.0,RECONSTRUCTED MAJOR CATEGORY FROM APPENDIX SUBCATEGORIES,percent_cover,cover,functional_group
2005,EFGB,study_site,RT,Appendix 1 Random Transect Data 2004-2008.xls,excel_appendix,East Bank 2005,NW14,Colonizable Substrate,4.6,RECONSTRUCTED MAJOR CATEGORY FROM APPENDIX SUBCATEGORIES,percent_cover,cover,functional_group
2005,EFGB,study_site,RT,Appendix 1 Random Transect Data 2004-2008.xls,excel_appendix,East Bank 2005,NW14,Coral,43.2,RECONSTRUCTED MAJOR CATEGORY FROM APPENDIX SUBCATEGORIES,percent_cover,cover,functional_group
2005,EFGB,study_site,RT,Appendix 1 Random Transect Data 2004-2008.xls,excel_appendix,East Bank 2005,NW14,Hydrocoral,0.0,RECONSTRUCTED MAJOR CATEGORY FROM APPENDIX SUBCATEGORIES,percent_cover,cover,functional_group
2005,EFGB,study_site,RT,Appendix 1 Random Transect Data 2004-2008.xls,excel_appendix,East Bank 2005,NW14,Macroalgae,41.8,RECONSTRUCTED MAJOR CATEGORY FROM APPENDIX SUBCATEGORIES,percent_cover,cover,functional_group
2005,EFGB,study_site,RT,Appendix 1 Random Transect Data 2004-2008.xls,excel_appendix,East Bank 2005,NW14,Other,0.0,RECONSTRUCTED MAJOR CATEGORY FROM APPENDIX SUBCATEGORIES,percent_cover,cover,functional_group
2005,EFGB,study_site,RT,Appendix 1 Random Transect Data 2004-2008.xls,excel_appendix,East Bank 2005,NW14,Sand,1.6,RECONSTRUCTED MAJOR CATEGORY FROM APPENDIX SUBCATEGORIES,percent_cover,cover,functional_group
2005,EFGB,study_site,RT,Appendix 1 Random Transect Data 2004-2008.xls,excel_appendix,East Bank 2005,NW14,Sponge,4.0,RECONSTRUCTED MAJOR CATEGORY FROM APPENDIX SUBCATEGORIES,percent_cover,cover,functional_group
2005,EFGB,study_site,RT,Appendix 1 Random Transect Data 2004-2008.xls,excel_appendix,East Bank 2005,NW15,CCA,2.6,RECONSTRUCTED MAJOR CATEGORY FROM APPENDIX SUBCATEGORIES,percent_cover,cover,functional_group
2005,EFGB,study_site,RT,Appendix 1 Random Transect Data 2004-2008.xls,excel_appendix,East Bank 2005,NW15,Colonizable Substrate,10.0,RECONSTRUCTED MAJOR CATEGORY FROM APPENDIX SUBCATEGORIES,percent_cover,cover,functional_group
2005,EFGB,study_site,RT,Appendix 1 Random Transect Data 2004-2008.xls,excel_appendix,East Bank 2005,NW15,Coral,38.8,RECONSTRUCTED MAJOR CATEGORY FROM APPENDIX SUBCATEGORIES,percent_cover,cover,functional_group
2005,EFGB,study_site,RT,Appendix 1 Random Transect Data 2004-2008.xls,excel_appendix,East Bank 2005,NW15,Hydrocoral,0.2,RECONSTRUCTED MAJOR CATEGORY FROM APPENDIX SUBCATEGORIES,percent_cover,cover,functional_group
2005,EFGB,study_site,RT,Appendix 1 Random Transect Data 2004-2008.xls,excel_appendix,East Bank 2005,NW15,Macroalgae,45.2,RECONSTRUCTED MAJOR CATEGORY FROM APPENDIX SUBCATEGORIES,percent_cover,cover,functional_group
2005,EFGB,study_site,RT,Appendix 1 Random Transect Data 2004-2008.xls,excel_appendix,East Bank 2005,NW15,Other,0.2,RECONSTRUCTED MAJOR CATEGORY FROM APPENDIX SUBCATEGORIES,percent_cover,cover,functional_group
2005,EFGB,study_site,RT,Appendix 1 Random Transect Data 2004-2008.xls,excel_appendix,East Bank 2005,NW15,Sand,0.0,RECONSTRUCTED MAJOR CATEGORY FROM APPENDIX SUBCATEGORIES,percent_cover,cover,functional_group
2005,EFGB,study_site,RT,Appendix 1 Random Transect Data 2004-2008.xls,excel_appendix,East Bank 2005,NW15,Sponge,0.0,RECONSTRUCTED MAJOR CATEGORY FROM APPENDIX SUBCATEGORIES,percent_cover,cover,functional_group
2005,EFGB,study_site,RT,Appendix 1 Random Transect Data 2004-2008.xls,excel_appendix,East Bank 2005,NW16,CCA,1.4000000000000001,RECONSTRUCTED MAJOR CATEGORY FROM APPENDIX SUBCATEGORIES,percent_cover,cover,functional_group
2005,EFGB,study_site,RT,Appendix 1 Random Transect Data 2004-2008.xls,excel_appendix,East Bank 2005,NW16,Colonizable Substrate,10.4,RECONSTRUCTED MAJOR CATEGORY FROM APPENDIX SUBCATEGORIES,percent_cover,cover,functional_group
2005,EFGB,study_site,RT,Appendix 1 Random Transect Data 2004-2008.xls,excel_appendix,East Bank 2005,NW16,Coral,34.8,RECONSTRUCTED MAJOR CATEGORY FROM APPENDIX SUBCATEGORIES,percent_cover,cover,functional_group
2005,EFGB,study_site,RT,Appendix 1 Random Transect Data 2004-2008.xls,excel_appendix,East Bank 2005,NW16,Hydrocoral,1.6,RECONSTRUCTED MAJOR CATEGORY FROM APPENDIX SUBCATEGORIES,percent_cover,cover,functional_group
2005,EFGB,study_site,RT,Appendix 1 Random Transect Data 2004-2008.xls,excel_appendix,East Bank 2005,NW16,Macroalgae,49.199999999999996,RECONSTRUCTED MAJOR CATEGORY FROM APPENDIX SUBCATEGORIES,percent_cover,cover,functional_group
2005,EFGB,study_site,RT,Appendix 1 Random Transect Data 2004-2008.xls,excel_appendix,East Bank 2005,NW16,Other,0.0,RECONSTRUCTED MAJOR CATEGORY FROM APPENDIX SUBCATEGORIES,percent_cover,cover,functional_group
2005,EFGB,study_site,RT,Appendix 1 Random Transect Data 2004-2008.xls,excel_appendix,East Bank 2005,NW16,Sand,0.0,RECONSTRUCTED MAJOR CATEGORY FROM APPENDIX SUBCATEGORIES,percent_cover,cover,functional_group
2005,EFGB,study_site,RT,Appendix 1 Random Transect Data 2004-2008.xls,excel_appendix,East Bank 2005,NW16,Sponge,0.4,RECONSTRUCTED MAJOR CATEGORY FROM APPENDIX SUBCATEGORIES,percent_cover,cover,functional_group
2005,EFGB,study_site,RT,Appendix 1 Random Transect Data 2004-2008.xls,excel_appendix,East Bank 2005,SE5,CCA,2.6,RECONSTRUCTED MAJOR CATEGORY FROM APPENDIX SUBCATEGORIES,percent_cover,cover,functional_group
2005,EFGB,study_site,RT,Appendix 1 Random Transect Data 2004-2008.xls,excel_appendix,East Bank 2005,SE5,Colonizable Substrate,6.2,RECONSTRUCTED MAJOR CATEGORY FROM APPENDIX SUBCATEGORIES,percent_cover,cover,functional_group
2005,EFGB,study_site,RT,Appendix 1 Random Transect Data 2004-2008.xls,excel_appendix,East Bank 2005,SE5,Coral,42.0,RECONSTRUCTED MAJOR CATEGORY FROM APPENDIX SUBCATEGORIES,percent_cover,cover,functional_group
2005,EFGB,study_site,RT,Appendix 1 Random Transect Data 2004-2008.xls,excel_appendix,East Bank 2005,SE5,Hydrocoral,8.4,RECONSTRUCTED MAJOR CATEGORY FROM APPENDIX SUBCATEGORIES,percent_cover,cover,functional_group
2005,EFGB,study_site,RT,Appendix 1 Random Transect Data 2004-2008.xls,excel_appendix,East Bank 2005,SE5,Macroalgae,36.2,RECONSTRUCTED MAJOR CATEGORY FROM APPENDIX SUBCATEGORIES,percent_cover,cover,functional_group
2005,EFGB,study_site,RT,Appendix 1 Random Transect Data 2004-2008.xls,excel_appendix,East Bank 2005,SE5,Other,0.6000000000000001,RECONSTRUCTED MAJOR CATEGORY FROM APPENDIX SUBCATEGORIES,percent_cover,cover,functional_group
2005,EFGB,study_site,RT,Appendix 1 Random Transect Data 2004-2008.xls,excel_appendix,East Bank 2005,SE5,Sand,0.0,RECONSTRUCTED MAJOR CATEGORY FROM APPENDIX SUBCATEGORIES,percent_cover,cover,functional_group
2005,EFGB,study_site,RT,Appendix 1 Random Transect Data 2004-2008.xls,excel_appendix,East Bank 2005,SE5,Sponge,0.0,RECONSTRUCTED MAJOR CATEGORY FROM APPENDIX SUBCATEGORIES,percent_cover,cover,functional_group
2005,EFGB,study_site,RT,Appendix 1 Random Transect Data 2004-2008.xls,excel_appendix,East Bank 2005,SE6,CCA,0.4,RECONSTRUCTED MAJOR CATEGORY FROM APPENDIX SUBCATEGORIES,percent_cover,cover,functional_group
2005,EFGB,study_site,RT,Appendix 1 Random Transect Data 2004-2008.xls,excel_appendix,East Bank 2005,SE6,Colonizable Substrate,8.0,RECONSTRUCTED MAJOR CATEGORY FROM APPENDIX SUBCATEGORIES,percent_cover,cover,functional_group
2005,EFGB,study_site,RT,Appendix 1 Random Transect Data 2004-2008.xls,excel_appendix,East Bank 2005,SE6,Coral,44.8,RECONSTRUCTED MAJOR CATEGORY FROM APPENDIX SUBCATEGORIES,percent_cover,cover,functional_group
2005,EFGB,study_site,RT,Appendix 1 Random Transect Data 2004-2008.xls,excel_appendix,East Bank 2005,SE6,Hydrocoral,4.0,RECONSTRUCTED MAJOR CATEGORY FROM APPENDIX SUBCATEGORIES,percent_cover,cover,functional_group
2005,EFGB,study_site,RT,Appendix 1 Random Transect Data 2004-2008.xls,excel_appendix,East Bank 2005,SE6,Macroalgae,37.8,RECONSTRUCTED MAJOR CATEGORY FROM APPENDIX SUBCATEGORIES,percent_cover,cover,functional_group
2005,EFGB,study_site,RT,Appendix 1 Random Transect Data 2004-2008.xls,excel_appendix,East Bank 2005,SE6,Other,0.0,RECONSTRUCTED MAJOR CATEGORY FROM APPENDIX SUBCATEGORIES,percent_cover,cover,functional_group
2005,EFGB,study_site,RT,Appendix 1 Random Transect Data 2004-2008.xls,excel_appendix,East Bank 2005,SE6,Sand,0.0,RECONSTRUCTED MAJOR CATEGORY FROM APPENDIX SUBCATEGORIES,percent_cover,cover,functional_group
2005,EFGB,study_site,RT,Appendix 1 Random Transect Data 2004-2008.xls,excel_appendix,East Bank 2005,SE6,Sponge,0.0,RECONSTRUCTED MAJOR CATEGORY FROM APPENDIX SUBCATEGORIES,percent_cover,cover,functional_group
2005,EFGB,study_site,RT,Appendix 1 Random Transect Data 2004-2008.xls,excel_appendix,East Bank 2005,SE7,CCA,0.8,RECONSTRUCTED MAJOR CATEGORY FROM APPENDIX SUBCATEGORIES,percent_cover,cover,functional_group
2005,EFGB,study_site,RT,Appendix 1 Random Transect Data 2004-2008.xls,excel_appendix,East Bank 2005,SE7,Colonizable Substrate,6.6000000000000005,RECONSTRUCTED MAJOR CATEGORY FROM APPENDIX SUBCATEGORIES,percent_cover,cover,functional_group
2005,EFGB,study_site,RT,Appendix 1 Random Transect Data 2004-2008.xls,excel_appendix,East Bank 2005,SE7,Coral,54.8,RECONSTRUCTED MAJOR CATEGORY FROM APPENDIX SUBCATEGORIES,percent_cover,cover,functional_group
2005,EFGB,study_site,RT,Appendix 1 Random Transect Data 2004-2008.xls,excel_appendix,East Bank 2005,SE7,Hydrocoral,0.0,RECONSTRUCTED MAJOR CATEGORY FROM APPENDIX SUBCATEGORIES,percent_cover,cover,functional_group
2005,EFGB,study_site,RT,Appendix 1 Random Transect Data 2004-2008.xls,excel_appendix,East Bank 2005,SE7,Macroalgae,30.2,RECONSTRUCTED MAJOR CATEGORY FROM APPENDIX SUBCATEGORIES,percent_cover,cover,functional_group
2005,EFGB,study_site,RT,Appendix 1 Random Transect Data 2004-2008.xls,excel_appendix,East Bank 2005,SE7,Other,0.0,RECONSTRUCTED MAJOR CATEGORY FROM APPENDIX SUBCATEGORIES,percent_cover,cover,functional_group
2005,EFGB,study_site,RT,Appendix 1 Random Transect Data 2004-2008.xls,excel_appendix,East Bank 2005,SE7,Sand,0.2,RECONSTRUCTED MAJOR CATEGORY FROM APPENDIX SUBCATEGORIES,percent_cover,cover,functional_group
2005,EFGB,study_site,RT,Appendix 1 Random Transect Data 2004-2008.xls,excel_appendix,East Bank 2005,SE7,Sponge,0.0,RECONSTRUCTED MAJOR CATEGORY FROM APPENDIX SUBCATEGORIES,percent_cover,cover,functional_group
2005,EFGB,study_site,RT,Appendix 1 Random Transect Data 2004-2008.xls,excel_appendix,East Bank 2005,SE8,CCA,5.4,RECONSTRUCTED MAJOR CATEGORY FROM APPENDIX SUBCATEGORIES,percent_cover,cover,functional_group
2005,EFGB,study_site,RT,Appendix 1 Random Transect Data 2004-2008.xls,excel_appendix,East Bank 2005,SE8,Colonizable Substrate,8.4,RECONSTRUCTED MAJOR CATEGORY FROM APPENDIX SUBCATEGORIES,percent_cover,cover,functional_group
2005,EFGB,study_site,RT,Appendix 1 Random Transect Data 2004-2008.xls,excel_appendix,East Bank 2005,SE8,Coral,58.8,RECONSTRUCTED MAJOR CATEGORY FROM APPENDIX SUBCATEGORIES,percent_cover,cover,functional_group
2005,EFGB,study_site,RT,Appendix 1 Random Transect Data 2004-2008.xls,excel_appendix,East Bank 2005,SE8,Hydrocoral,1.0,RECONSTRUCTED MAJOR CATEGORY FROM APPENDIX SUBCATEGORIES,percent_cover,cover,functional_group
2005,EFGB,study_site,RT,Appendix 1 Random Transect Data 2004-2008.xls,excel_appendix,East Bank 2005,SE8,Macroalgae,23.4,RECONSTRUCTED MAJOR CATEGORY FROM APPENDIX SUBCATEGORIES,percent_cover,cover,functional_group
2005,EFGB,study_site,RT,Appendix 1 Random Transect Data 2004-2008.xls,excel_appendix,East Bank 2005,SE8,Other,0.2,RECONSTRUCTED MAJOR CATEGORY FROM APPENDIX SUBCATEGORIES,percent_cover,cover,functional_group
2005,EFGB,study_site,RT,Appendix 1 Random Transect Data 2004-2008.xls,excel_appendix,East Bank 2005,SE8,Sand,0.0,RECONSTRUCTED MAJOR CATEGORY FROM APPENDIX SUBCATEGORIES,percent_cover,cover,functional_group
2005,EFGB,study_site,RT,Appendix 1 Random Transect Data 2004-2008.xls,excel_appendix,East Bank 2005,SE8,Sponge,0.0,RECONSTRUCTED MAJOR CATEGORY FROM APPENDIX SUBCATEGORIES,percent_cover,cover,functional_group
2005,EFGB,study_site,RT,Appendix 1 Random Transect Data 2004-2008.xls,excel_appendix,East Bank 2005,SW1,CCA,1.0,RECONSTRUCTED MAJOR CATEGORY FROM APPENDIX SUBCATEGORIES,percent_cover,cover,functional_group
2005,EFGB,study_site,RT,Appendix 1 Random Transect Data 2004-2008.xls,excel_appendix,East Bank 2005,SW1,Colonizable Substrate,11.4,RECONSTRUCTED MAJOR CATEGORY FROM APPENDIX SUBCATEGORIES,percent_cover,cover,functional_group
2005,EFGB,study_site,RT,Appendix 1 Random Transect Data 2004-2008.xls,excel_appendix,East Bank 2005,SW1,Coral,52.0,RECONSTRUCTED MAJOR CATEGORY FROM APPENDIX SUBCATEGORIES,percent_cover,cover,functional_group
2005,EFGB,study_site,RT,Appendix 1 Random Transect Data 2004-2008.xls,excel_appendix,East Bank 2005,SW1,Hydrocoral,0.2,RECONSTRUCTED MAJOR CATEGORY FROM APPENDIX SUBCATEGORIES,percent_cover,cover,functional_group
2005,EFGB,study_site,RT,Appendix 1 Random Transect Data 2004-2008.xls,excel_appendix,East Bank 2005,SW1,Macroalgae,30.2,RECONSTRUCTED MAJOR CATEGORY FROM APPENDIX SUBCATEGORIES,percent_cover,cover,functional_group
2005,EFGB,study_site,RT,Appendix 1 Random Transect Data 2004-2008.xls,excel_appendix,East Bank 2005,SW1,Other,0.0,RECONSTRUCTED MAJOR CATEGORY FROM APPENDIX SUBCATEGORIES,percent_cover,cover,functional_group
2005,EFGB,study_site,RT,Appendix 1 Random Transect Data 2004-2008.xls,excel_appendix,East Bank 2005,SW1,Sand,1.6,RECONSTRUCTED MAJOR CATEGORY FROM APPENDIX SUBCATEGORIES,percent_cover,cover,functional_group
2005,EFGB,study_site,RT,Appendix 1 Random Transect Data 2004-2008.xls,excel_appendix,East Bank 2005,SW1,Sponge,0.6,RECONSTRUCTED MAJOR CATEGORY FROM APPENDIX SUBCATEGORIES,percent_cover,cover,functional_group
2005,EFGB,study_site,RT,Appendix 1 Random Transect Data 2004-2008.xls,excel_appendix,East Bank 2005,SW2,CCA,0.2,RECONSTRUCTED MAJOR CATEGORY FROM APPENDIX SUBCATEGORIES,percent_cover,cover,functional_group
2005,EFGB,study_site,RT,Appendix 1 Random Transect Data 2004-2008.xls,excel_appendix,East Bank 2005,SW2,Colonizable Substrate,5.4,RECONSTRUCTED MAJOR CATEGORY FROM APPENDIX SUBCATEGORIES,percent_cover,cover,functional_group
2005,EFGB,study_site,RT,Appendix 1 Random Transect Data 2004-2008.xls,excel_appendix,East Bank 2005,SW2,Coral,46.4,RECONSTRUCTED MAJOR CATEGORY FROM APPENDIX SUBCATEGORIES,percent_cover,cover,functional_group
2005,EFGB,study_site,RT,Appendix 1 Random Transect Data 2004-2008.xls,excel_appendix,East Bank 2005,SW2,Hydrocoral,0.0,RECONSTRUCTED MAJOR CATEGORY FROM APPENDIX SUBCATEGORIES,percent_cover,cover,functional_group
2005,EFGB,study_site,RT,Appendix 1 Random Transect Data 2004-2008.xls,excel_appendix,East Bank 2005,SW2,Macroalgae,43.6,RECONSTRUCTED MAJOR CATEGORY FROM APPENDIX SUBCATEGORIES,percent_cover,cover,functional_group
2005,EFGB,study_site,RT,Appendix 1 Random Transect Data 2004-2008.xls,excel_appendix,East Bank 2005,SW2,Other,0.0,RECONSTRUCTED MAJOR CATEGORY FROM APPENDIX SUBCATEGORIES,percent_cover,cover,functional_group
2005,EFGB,study_site,RT,Appendix 1 Random Transect Data 2004-2008.xls,excel_appendix,East Bank 2005,SW2,Sand,0.2,RECONSTRUCTED MAJOR CATEGORY FROM APPENDIX SUBCATEGORIES,percent_cover,cover,functional_group
2005,EFGB,study_site,RT,Appendix 1 Random Transect Data 2004-2008.xls,excel_appendix,East Bank 2005,SW2,Sponge,0.0,RECONSTRUCTED MAJOR CATEGORY FROM APPENDIX SUBCATEGORIES,percent_cover,cover,functional_group
2005,EFGB,study_site,RT,Appendix 1 Random Transect Data 2004-2008.xls,excel_appendix,East Bank 2005,SW4,CCA,4.0,RECONSTRUCTED MAJOR CATEGORY FROM APPENDIX SUBCATEGORIES,percent_cover,cover,functional_group
2005,EFGB,study_site,RT,Appendix 1 Random Transect Data 2004-2008.xls,excel_appendix,East Bank 2005,SW4,Colonizable Substrate,10.4,RECONSTRUCTED MAJOR CATEGORY FROM APPENDIX SUBCATEGORIES,percent_cover,cover,functional_group
2005,EFGB,study_site,RT,Appendix 1 Random Transect Data 2004-2008.xls,excel_appendix,East Bank 2005,SW4,Coral,44.4,RECONSTRUCTED MAJOR CATEGORY FROM APPENDIX SUBCATEGORIES,percent_cover,cover,functional_group
2005,EFGB,study_site,RT,Appendix 1 Random Transect Data 2004-2008.xls,excel_appendix,East Bank 2005,SW4,Hydrocoral,0.0,RECONSTRUCTED MAJOR CATEGORY FROM APPENDIX SUBCATEGORIES,percent_cover,cover,functional_group
2005,EFGB,study_site,RT,Appendix 1 Random Transect Data 2004-2008.xls,excel_appendix,East Bank 2005,SW4,Macroalgae,33.6,RECONSTRUCTED MAJOR CATEGORY FROM APPENDIX SUBCATEGORIES,percent_cover,cover,functional_group
2005,EFGB,study_site,RT,Appendix 1 Random Transect Data 2004-2008.xls,excel_appendix,East Bank 2005,SW4,Other,0.4,RECONSTRUCTED MAJOR CATEGORY FROM APPENDIX SUBCATEGORIES,percent_cover,cover,functional_group
2005,EFGB,study_site,RT,Appendix 1 Random Transect Data 2004-2008.xls,excel_appendix,East Bank 2005,SW4,Sand,3.4000000000000004,RECONSTRUCTED MAJOR CATEGORY FROM APPENDIX SUBCATEGORIES,percent_cover,cover,functional_group
2005,EFGB,study_site,RT,Appendix 1 Random Transect Data 2004-2008.xls,excel_appendix,East Bank 2005,SW4,Sponge,0.8,RECONSTRUCTED MAJOR CATEGORY FROM APPENDIX SUBCATEGORIES,percent_cover,cover,functional_group
2005,WFGB,study_site,RT,Appendix 1 Random Transect Data 2004-2008.xls,excel_appendix,West Bank 2005,NE10,CCA,2.1999999999999997,RECONSTRUCTED MAJOR CATEGORY FROM APPENDIX SUBCATEGORIES,percent_cover,cover,functional_group
2005,WFGB,study_site,RT,Appendix 1 Random Transect Data 2004-2008.xls,excel_appendix,West Bank 2005,NE10,Colonizable Substrate,9.0,RECONSTRUCTED MAJOR CATEGORY FROM APPENDIX SUBCATEGORIES,percent_cover,cover,functional_group
2005,WFGB,study_site,RT,Appendix 1 Random Transect Data 2004-2008.xls,excel_appendix,West Bank 2005,NE10,Coral,71.6,RECONSTRUCTED MAJOR CATEGORY FROM APPENDIX SUBCATEGORIES,percent_cover,cover,functional_group
2005,WFGB,study_site,RT,Appendix 1 Random Transect Data 2004-2008.xls,excel_appendix,West Bank 2005,NE10,Hydrocoral,1.2,RECONSTRUCTED MAJOR CATEGORY FROM APPENDIX SUBCATEGORIES,percent_cover,cover,functional_group
2005,WFGB,study_site,RT,Appendix 1 Random Transect Data 2004-2008.xls,excel_appendix,West Bank 2005,NE10,Macroalgae,6.800000000000001,RECONSTRUCTED MAJOR CATEGORY FROM APPENDIX SUBCATEGORIES,percent_cover,cover,functional_group
2005,WFGB,study_site,RT,Appendix 1 Random Transect Data 2004-2008.xls,excel_appendix,West Bank 2005,NE10,Other,0.0,RECONSTRUCTED MAJOR CATEGORY FROM APPENDIX SUBCATEGORIES,percent_cover,cover,functional_group
2005,WFGB,study_site,RT,Appendix 1 Random Transect Data 2004-2008.xls,excel_appendix,West Bank 2005,NE10,Sand,2.1999999999999997,RECONSTRUCTED MAJOR CATEGORY FROM APPENDIX SUBCATEGORIES,percent_cover,cover,functional_group
2005,WFGB,study_site,RT,Appendix 1 Random Transect Data 2004-2008.xls,excel_appendix,West Bank 2005,NE10,Sponge,0.2,RECONSTRUCTED MAJOR CATEGORY FROM APPENDIX SUBCATEGORIES,percent_cover,cover,functional_group
2005,WFGB,study_site,RT,Appendix 1 Random Transect Data 2004-2008.xls,excel_appendix,West Bank 2005,NE11,CCA,1.7999999999999998,RECONSTRUCTED MAJOR CATEGORY FROM APPENDIX SUBCATEGORIES,percent_cover,cover,functional_group
2005,WFGB,study_site,RT,Appendix 1 Random Transect Data 2004-2008.xls,excel_appendix,West Bank 2005,NE11,Colonizable Substrate,17.4,RECONSTRUCTED MAJOR CATEGORY FROM APPENDIX SUBCATEGORIES,percent_cover,cover,functional_group
2005,WFGB,study_site,RT,Appendix 1 Random Transect Data 2004-2008.xls,excel_appendix,West Bank 2005,NE11,Coral,53.2,RECONSTRUCTED MAJOR CATEGORY FROM APPENDIX SUBCATEGORIES,percent_cover,cover,functional_group
2005,WFGB,study_site,RT,Appendix 1 Random Transect Data 2004-2008.xls,excel_appendix,West Bank 2005,NE11,Hydrocoral,1.0,RECONSTRUCTED MAJOR CATEGORY FROM APPENDIX SUBCATEGORIES,percent_cover,cover,functional_group
2005,WFGB,study_site,RT,Appendix 1 Random Transect Data 2004-2008.xls,excel_appendix,West Bank 2005,NE11,Macroalgae,21.2,RECONSTRUCTED MAJOR CATEGORY FROM APPENDIX SUBCATEGORIES,percent_cover,cover,functional_group
2005,WFGB,study_site,RT,Appendix 1 Random Transect Data 2004-2008.xls,excel_appendix,West Bank 2005,NE11,Other,0.0,RECONSTRUCTED MAJOR CATEGORY FROM APPENDIX SUBCATEGORIES,percent_cover,cover,functional_group
2005,WFGB,study_site,RT,Appendix 1 Random Transect Data 2004-2008.xls,excel_appendix,West Bank 2005,NE11,Sand,0.0,RECONSTRUCTED MAJOR CATEGORY FROM APPENDIX SUBCATEGORIES,percent_cover,cover,functional_group
2005,WFGB,study_site,RT,Appendix 1 Random Transect Data 2004-2008.xls,excel_appendix,West Bank 2005,NE11,Sponge,0.2,RECONSTRUCTED MAJOR CATEGORY FROM APPENDIX SUBCATEGORIES,percent_cover,cover,functional_group
2005,WFGB,study_site,RT,Appendix 1 Random Transect Data 2004-2008.xls,excel_appendix,West Bank 2005,NE12,CCA,1.0,RECONSTRUCTED MAJOR CATEGORY FROM APPENDIX SUBCATEGORIES,percent_cover,cover,functional_group
2005,WFGB,study_site,RT,Appendix 1 Random Transect Data 2004-2008.xls,excel_appendix,West Bank 2005,NE12,Colonizable Substrate,11.600000000000001,RECONSTRUCTED MAJOR CATEGORY FROM APPENDIX SUBCATEGORIES,percent_cover,cover,functional_group
2005,WFGB,study_site,RT,Appendix 1 Random Transect Data 2004-2008.xls,excel_appendix,West Bank 2005,NE12,Coral,73.6,RECONSTRUCTED MAJOR CATEGORY FROM APPENDIX SUBCATEGORIES,percent_cover,cover,functional_group
2005,WFGB,study_site,RT,Appendix 1 Random Transect Data 2004-2008.xls,excel_appendix,West Bank 2005,NE12,Hydrocoral,0.0,RECONSTRUCTED MAJOR CATEGORY FROM APPENDIX SUBCATEGORIES,percent_cover,cover,functional_group
2005,WFGB,study_site,RT,Appendix 1 Random Transect Data 2004-2008.xls,excel_appendix,West Bank 2005,NE12,Macroalgae,7.8,RECONSTRUCTED MAJOR CATEGORY FROM APPENDIX SUBCATEGORIES,percent_cover,cover,functional_group
2005,WFGB,study_site,RT,Appendix 1 Random Transect Data 2004-2008.xls,excel_appendix,West Bank 2005,NE12,Other,0.0,RECONSTRUCTED MAJOR CATEGORY FROM APPENDIX SUBCATEGORIES,percent_cover,cover,functional_group
2005,WFGB,study_site,RT,Appendix 1 Random Transect Data 2004-2008.xls,excel_appendix,West Bank 2005,NE12,Sand,0.0,RECONSTRUCTED MAJOR CATEGORY FROM APPENDIX SUBCATEGORIES,percent_cover,cover,functional_group
2005,WFGB,study_site,RT,Appendix 1 Random Transect Data 2004-2008.xls,excel_appendix,West Bank 2005,NE12,Sponge,0.2,RECONSTRUCTED MAJOR CATEGORY FROM APPENDIX SUBCATEGORIES,percent_cover,cover,functional_group
2005,WFGB,study_site,RT,Appendix 1 Random Transect Data 2004-2008.xls,excel_appendix,West Bank 2005,NE9,CCA,0.4,RECONSTRUCTED MAJOR CATEGORY FROM APPENDIX SUBCATEGORIES,percent_cover,cover,functional_group
2005,WFGB,study_site,RT,Appendix 1 Random Transect Data 2004-2008.xls,excel_appendix,West Bank 2005,NE9,Colonizable Substrate,26.6,RECONSTRUCTED MAJOR CATEGORY FROM APPENDIX SUBCATEGORIES,percent_cover,cover,functional_group
2005,WFGB,study_site,RT,Appendix 1 Random Transect Data 2004-2008.xls,excel_appendix,West Bank 2005,NE9,Coral,34.400000000000006,RECONSTRUCTED MAJOR CATEGORY FROM APPENDIX SUBCATEGORIES,percent_cover,cover,functional_group
2005,WFGB,study_site,RT,Appendix 1 Random Transect Data 2004-2008.xls,excel_appendix,West Bank 2005,NE9,Hydrocoral,0.0,RECONSTRUCTED MAJOR CATEGORY FROM APPENDIX SUBCATEGORIES,percent_cover,cover,functional_group
2005,WFGB,study_site,RT,Appendix 1 Random Transect Data 2004-2008.xls,excel_appendix,West Bank 2005,NE9,Macroalgae,26.200000000000003,RECONSTRUCTED MAJOR CATEGORY FROM APPENDIX SUBCATEGORIES,percent_cover,cover,functional_group
2005,WFGB,study_site,RT,Appendix 1 Random Transect Data 2004-2008.xls,excel_appendix,West Bank 2005,NE9,Other,0.4,RECONSTRUCTED MAJOR CATEGORY FROM APPENDIX SUBCATEGORIES,percent_cover,cover,functional_group
2005,WFGB,study_site,RT,Appendix 1 Random Transect Data 2004-2008.xls,excel_appendix,West Bank 2005,NE9,Sand,0.0,RECONSTRUCTED MAJOR CATEGORY FROM APPENDIX SUBCATEGORIES,percent_cover,cover,functional_group
2005,WFGB,study_site,RT,Appendix 1 Random Transect Data 2004-2008.xls,excel_appendix,West Bank 2005,NE9,Sponge,0.2,RECONSTRUCTED MAJOR CATEGORY FROM APPENDIX SUBCATEGORIES,percent_cover,cover,functional_group
2005,WFGB,study_site,RT,Appendix 1 Random Transect Data 2004-2008.xls,excel_appendix,West Bank 2005,NW5,CCA,0.0,RECONSTRUCTED MAJOR CATEGORY FROM APPENDIX SUBCATEGORIES,percent_cover,cover,functional_group
2005,WFGB,study_site,RT,Appendix 1 Random Transect Data 2004-2008.xls,excel_appendix,West Bank 2005,NW5,Colonizable Substrate,25.6,RECONSTRUCTED MAJOR CATEGORY FROM APPENDIX SUBCATEGORIES,percent_cover,cover,functional_group
2005,WFGB,study_site,RT,Appendix 1 Random Transect Data 2004-2008.xls,excel_appendix,West Bank 2005,NW5,Coral,41.6,RECONSTRUCTED MAJOR CATEGORY FROM APPENDIX SUBCATEGORIES,percent_cover,cover,functional_group
2005,WFGB,study_site,RT,Appendix 1 Random Transect Data 2004-2008.xls,excel_appendix,West Bank 2005,NW5,Hydrocoral,0.0,RECONSTRUCTED MAJOR CATEGORY FROM APPENDIX SUBCATEGORIES,percent_cover,cover,functional_group
2005,WFGB,study_site,RT,Appendix 1 Random Transect Data 2004-2008.xls,excel_appendix,West Bank 2005,NW5,Macroalgae,21.8,RECONSTRUCTED MAJOR CATEGORY FROM APPENDIX SUBCATEGORIES,percent_cover,cover,functional_group
2005,WFGB,study_site,RT,Appendix 1 Random Transect Data 2004-2008.xls,excel_appendix,West Bank 2005,NW5,Other,0.4,RECONSTRUCTED MAJOR CATEGORY FROM APPENDIX SUBCATEGORIES,percent_cover,cover,functional_group
2005,WFGB,study_site,RT,Appendix 1 Random Transect Data 2004-2008.xls,excel_appendix,West Bank 2005,NW5,Sand,0.0,RECONSTRUCTED MAJOR CATEGORY FROM APPENDIX SUBCATEGORIES,percent_cover,cover,functional_group
2005,WFGB,study_site,RT,Appendix 1 Random Transect Data 2004-2008.xls,excel_appendix,West Bank 2005,NW5,Sponge,0.0,RECONSTRUCTED MAJOR CATEGORY FROM APPENDIX SUBCATEGORIES,percent_cover,cover,functional_group
2005,WFGB,study_site,RT,Appendix 1 Random Transect Data 2004-2008.xls,excel_appendix,West Bank 2005,NW6,CCA,0.4,RECONSTRUCTED MAJOR CATEGORY FROM APPENDIX SUBCATEGORIES,percent_cover,cover,functional_group
2005,WFGB,study_site,RT,Appendix 1 Random Transect Data 2004-2008.xls,excel_appendix,West Bank 2005,NW6,Colonizable Substrate,29.599999999999998,RECONSTRUCTED MAJOR CATEGORY FROM APPENDIX SUBCATEGORIES,percent_cover,cover,functional_group
2005,WFGB,study_site,RT,Appendix 1 Random Transect Data 2004-2008.xls,excel_appendix,West Bank 2005,NW6,Coral,34.8,RECONSTRUCTED MAJOR CATEGORY FROM APPENDIX SUBCATEGORIES,percent_cover,cover,functional_group
2005,WFGB,study_site,RT,Appendix 1 Random Transect Data 2004-2008.xls,excel_appendix,West Bank 2005,NW6,Hydrocoral,3.2,RECONSTRUCTED MAJOR CATEGORY FROM APPENDIX SUBCATEGORIES,percent_cover,cover,functional_group
2005,WFGB,study_site,RT,Appendix 1 Random Transect Data 2004-2008.xls,excel_appendix,West Bank 2005,NW6,Macroalgae,17.2,RECONSTRUCTED MAJOR CATEGORY FROM APPENDIX SUBCATEGORIES,percent_cover,cover,functional_group
2005,WFGB,study_site,RT,Appendix 1 Random Transect Data 2004-2008.xls,excel_appendix,West Bank 2005,NW6,Other,0.2,RECONSTRUCTED MAJOR CATEGORY FROM APPENDIX SUBCATEGORIES,percent_cover,cover,functional_group
2005,WFGB,study_site,RT,Appendix 1 Random Transect Data 2004-2008.xls,excel_appendix,West Bank 2005,NW6,Sand,0.0,RECONSTRUCTED MAJOR CATEGORY FROM APPENDIX SUBCATEGORIES,percent_cover,cover,functional_group
2005,WFGB,study_site,RT,Appendix 1 Random Transect Data 2004-2008.xls,excel_appendix,West Bank 2005,NW6,Sponge,0.4,RECONSTRUCTED MAJOR CATEGORY FROM APPENDIX SUBCATEGORIES,percent_cover,cover,functional_group
2005,WFGB,study_site,RT,Appendix 1 Random Transect Data 2004-2008.xls,excel_appendix,West Bank 2005,NW7,CCA,1.0,RECONSTRUCTED MAJOR CATEGORY FROM APPENDIX SUBCATEGORIES,percent_cover,cover,functional_group
2005,WFGB,study_site,RT,Appendix 1 Random Transect Data 2004-2008.xls,excel_appendix,West Bank 2005,NW7,Colonizable Substrate,4.6,RECONSTRUCTED MAJOR CATEGORY FROM APPENDIX SUBCATEGORIES,percent_cover,cover,functional_group
2005,WFGB,study_site,RT,Appendix 1 Random Transect Data 2004-2008.xls,excel_appendix,West Bank 2005,NW7,Coral,71.6,RECONSTRUCTED MAJOR CATEGORY FROM APPENDIX SUBCATEGORIES,percent_cover,cover,functional_group
2005,WFGB,study_site,RT,Appendix 1 Random Transect Data 2004-2008.xls,excel_appendix,West Bank 2005,NW7,Hydrocoral,0.0,RECONSTRUCTED MAJOR CATEGORY FROM APPENDIX SUBCATEGORIES,percent_cover,cover,functional_group
2005,WFGB,study_site,RT,Appendix 1 Random Transect Data 2004-2008.xls,excel_appendix,West Bank 2005,NW7,Macroalgae,13.0,RECONSTRUCTED MAJOR CATEGORY FROM APPENDIX SUBCATEGORIES,percent_cover,cover,functional_group
2005,WFGB,study_site,RT,Appendix 1 Random Transect Data 2004-2008.xls,excel_appendix,West Bank 2005,NW7,Other,0.0,RECONSTRUCTED MAJOR CATEGORY FROM APPENDIX SUBCATEGORIES,percent_cover,cover,functional_group
2005,WFGB,study_site,RT,Appendix 1 Random Transect Data 2004-2008.xls,excel_appendix,West Bank 2005,NW7,Sand,0.0,RECONSTRUCTED MAJOR CATEGORY FROM APPENDIX SUBCATEGORIES,percent_cover,cover,functional_group
2005,WFGB,study_site,RT,Appendix 1 Random Transect Data 2004-2008.xls,excel_appendix,West Bank 2005,NW7,Sponge,0.0,RECONSTRUCTED MAJOR CATEGORY FROM APPENDIX SUBCATEGORIES,percent_cover,cover,functional_group
2005,WFGB,study_site,RT,Appendix 1 Random Transect Data 2004-2008.xls,excel_appendix,West Bank 2005,NW8,CCA,4.2,RECONSTRUCTED MAJOR CATEGORY FROM APPENDIX SUBCATEGORIES,percent_cover,cover,functional_group
2005,WFGB,study_site,RT,Appendix 1 Random Transect Data 2004-2008.xls,excel_appendix,West Bank 2005,NW8,Colonizable Substrate,16.8,RECONSTRUCTED MAJOR CATEGORY FROM APPENDIX SUBCATEGORIES,percent_cover,cover,functional_group
2005,WFGB,study_site,RT,Appendix 1 Random Transect Data 2004-2008.xls,excel_appendix,West Bank 2005,NW8,Coral,46.60000000000001,RECONSTRUCTED MAJOR CATEGORY FROM APPENDIX SUBCATEGORIES,percent_cover,cover,functional_group
2005,WFGB,study_site,RT,Appendix 1 Random Transect Data 2004-2008.xls,excel_appendix,West Bank 2005,NW8,Hydrocoral,1.6,RECONSTRUCTED MAJOR CATEGORY FROM APPENDIX SUBCATEGORIES,percent_cover,cover,functional_group
2005,WFGB,study_site,RT,Appendix 1 Random Transect Data 2004-2008.xls,excel_appendix,West Bank 2005,NW8,Macroalgae,20.0,RECONSTRUCTED MAJOR CATEGORY FROM APPENDIX SUBCATEGORIES,percent_cover,cover,functional_group
2005,WFGB,study_site,RT,Appendix 1 Random Transect Data 2004-2008.xls,excel_appendix,West Bank 2005,NW8,Other,0.0,RECONSTRUCTED MAJOR CATEGORY FROM APPENDIX SUBCATEGORIES,percent_cover,cover,functional_group
2005,WFGB,study_site,RT,Appendix 1 Random Transect Data 2004-2008.xls,excel_appendix,West Bank 2005,NW8,Sand,1.2,RECONSTRUCTED MAJOR CATEGORY FROM APPENDIX SUBCATEGORIES,percent_cover,cover,functional_group
2005,WFGB,study_site,RT,Appendix 1 Random Transect Data 2004-2008.xls,excel_appendix,West Bank 2005,NW8,Sponge,0.0,RECONSTRUCTED MAJOR CATEGORY FROM APPENDIX SUBCATEGORIES,percent_cover,cover,functional_group
2005,WFGB,study_site,RT,Appendix 1 Random Transect Data 2004-2008.xls,excel_appendix,West Bank 2005,SE13,CCA,5.4,RECONSTRUCTED MAJOR CATEGORY FROM APPENDIX SUBCATEGORIES,percent_cover,cover,functional_group
2005,WFGB,study_site,RT,Appendix 1 Random Transect Data 2004-2008.xls,excel_appendix,West Bank 2005,SE13,Colonizable Substrate,19.6,RECONSTRUCTED MAJOR CATEGORY FROM APPENDIX SUBCATEGORIES,percent_cover,cover,functional_group
2005,WFGB,study_site,RT,Appendix 1 Random Transect Data 2004-2008.xls,excel_appendix,West Bank 2005,SE13,Coral,38.0,RECONSTRUCTED MAJOR CATEGORY FROM APPENDIX SUBCATEGORIES,percent_cover,cover,functional_group
2005,WFGB,study_site,RT,Appendix 1 Random Transect Data 2004-2008.xls,excel_appendix,West Bank 2005,SE13,Hydrocoral,0.0,RECONSTRUCTED MAJOR CATEGORY FROM APPENDIX SUBCATEGORIES,percent_cover,cover,functional_group
2005,WFGB,study_site,RT,Appendix 1 Random Transect Data 2004-2008.xls,excel_appendix,West Bank 2005,SE13,Macroalgae,24.4,RECONSTRUCTED MAJOR CATEGORY FROM APPENDIX SUBCATEGORIES,percent_cover,cover,functional_group
2005,WFGB,study_site,RT,Appendix 1 Random Transect Data 2004-2008.xls,excel_appendix,West Bank 2005,SE13,Other,0.0,RECONSTRUCTED MAJOR CATEGORY FROM APPENDIX SUBCATEGORIES,percent_cover,cover,functional_group
2005,WFGB,study_site,RT,Appendix 1 Random Transect Data 2004-2008.xls,excel_appendix,West Bank 2005,SE13,Sand,7.8,RECONSTRUCTED MAJOR CATEGORY FROM APPENDIX SUBCATEGORIES,percent_cover,cover,functional_group
2005,WFGB,study_site,RT,Appendix 1 Random Transect Data 2004-2008.xls,excel_appendix,West Bank 2005,SE13,Sponge,1.7999999999999998,RECONSTRUCTED MAJOR CATEGORY FROM APPENDIX SUBCATEGORIES,percent_cover,cover,functional_group
2005,WFGB,study_site,RT,Appendix 1 Random Transect Data 2004-2008.xls,excel_appendix,West Bank 2005,SE14,CCA,0.6,RECONSTRUCTED MAJOR CATEGORY FROM APPENDIX SUBCATEGORIES,percent_cover,cover,functional_group
2005,WFGB,study_site,RT,Appendix 1 Random Transect Data 2004-2008.xls,excel_appendix,West Bank 2005,SE14,Colonizable Substrate,14.000000000000002,RECONSTRUCTED MAJOR CATEGORY FROM APPENDIX SUBCATEGORIES,percent_cover,cover,functional_group
2005,WFGB,study_site,RT,Appendix 1 Random Transect Data 2004-2008.xls,excel_appendix,West Bank 2005,SE14,Coral,64.8,RECONSTRUCTED MAJOR CATEGORY FROM APPENDIX SUBCATEGORIES,percent_cover,cover,functional_group
2005,WFGB,study_site,RT,Appendix 1 Random Transect Data 2004-2008.xls,excel_appendix,West Bank 2005,SE14,Hydrocoral,0.0,RECONSTRUCTED MAJOR CATEGORY FROM APPENDIX SUBCATEGORIES,percent_cover,cover,functional_group
2005,WFGB,study_site,RT,Appendix 1 Random Transect Data 2004-2008.xls,excel_appendix,West Bank 2005,SE14,Macroalgae,17.8,RECONSTRUCTED MAJOR CATEGORY FROM APPENDIX SUBCATEGORIES,percent_cover,cover,functional_group
2005,WFGB,study_site,RT,Appendix 1 Random Transect Data 2004-2008.xls,excel_appendix,West Bank 2005,SE14,Other,0.0,RECONSTRUCTED MAJOR CATEGORY FROM APPENDIX SUBCATEGORIES,percent_cover,cover,functional_group
2005,WFGB,study_site,RT,Appendix 1 Random Transect Data 2004-2008.xls,excel_appendix,West Bank 2005,SE14,Sand,0.2,RECONSTRUCTED MAJOR CATEGORY FROM APPENDIX SUBCATEGORIES,percent_cover,cover,functional_group
2005,WFGB,study_site,RT,Appendix 1 Random Transect Data 2004-2008.xls,excel_appendix,West Bank 2005,SE14,Sponge,0.0,RECONSTRUCTED MAJOR CATEGORY FROM APPENDIX SUBCATEGORIES,percent_cover,cover,functional_group
2005,WFGB,study_site,RT,Appendix 1 Random Transect Data 2004-2008.xls,excel_appendix,West Bank 2005,SE15,CCA,7.8,RECONSTRUCTED MAJOR CATEGORY FROM APPENDIX SUBCATEGORIES,percent_cover,cover,functional_group
2005,WFGB,study_site,RT,Appendix 1 Random Transect Data 2004-2008.xls,excel_appendix,West Bank 2005,SE15,Colonizable Substrate,8.4,RECONSTRUCTED MAJOR CATEGORY FROM APPENDIX SUBCATEGORIES,percent_cover,cover,functional_group
2005,WFGB,study_site,RT,Appendix 1 Random Transect Data 2004-2008.xls,excel_appendix,West Bank 2005,SE15,Coral,45.800000000000004,RECONSTRUCTED MAJOR CATEGORY FROM APPENDIX SUBCATEGORIES,percent_cover,cover,functional_group
2005,WFGB,study_site,RT,Appendix 1 Random Transect Data 2004-2008.xls,excel_appendix,West Bank 2005,SE15,Hydrocoral,5.8,RECONSTRUCTED MAJOR CATEGORY FROM APPENDIX SUBCATEGORIES,percent_cover,cover,functional_group
2005,WFGB,study_site,RT,Appendix 1 Random Transect Data 2004-2008.xls,excel_appendix,West Bank 2005,SE15,Macroalgae,20.200000000000003,RECONSTRUCTED MAJOR CATEGORY FROM APPENDIX SUBCATEGORIES,percent_cover,cover,functional_group
2005,WFGB,study_site,RT,Appendix 1 Random Transect Data 2004-2008.xls,excel_appendix,West Bank 2005,SE15,Other,0.0,RECONSTRUCTED MAJOR CATEGORY FROM APPENDIX SUBCATEGORIES,percent_cover,cover,functional_group
2005,WFGB,study_site,RT,Appendix 1 Random Transect Data 2004-2008.xls,excel_appendix,West Bank 2005,SE15,Sand,0.0,RECONSTRUCTED MAJOR CATEGORY FROM APPENDIX SUBCATEGORIES,percent_cover,cover,functional_group
2005,WFGB,study_site,RT,Appendix 1 Random Transect Data 2004-2008.xls,excel_appendix,West Bank 2005,SE15,Sponge,0.2,RECONSTRUCTED MAJOR CATEGORY FROM APPENDIX SUBCATEGORIES,percent_cover,cover,functional_group
2005,WFGB,study_site,RT,Appendix 1 Random Transect Data 2004-2008.xls,excel_appendix,West Bank 2005,SE16,CCA,2.1999999999999997,RECONSTRUCTED MAJOR CATEGORY FROM APPENDIX SUBCATEGORIES,percent_cover,cover,functional_group
2005,WFGB,study_site,RT,Appendix 1 Random Transect Data 2004-2008.xls,excel_appendix,West Bank 2005,SE16,Colonizable Substrate,11.799999999999999,RECONSTRUCTED MAJOR CATEGORY FROM APPENDIX SUBCATEGORIES,percent_cover,cover,functional_group
2005,WFGB,study_site,RT,Appendix 1 Random Transect Data 2004-2008.xls,excel_appendix,West Bank 2005,SE16,Coral,52.8,RECONSTRUCTED MAJOR CATEGORY FROM APPENDIX SUBCATEGORIES,percent_cover,cover,functional_group
2005,WFGB,study_site,RT,Appendix 1 Random Transect Data 2004-2008.xls,excel_appendix,West Bank 2005,SE16,Hydrocoral,4.0,RECONSTRUCTED MAJOR CATEGORY FROM APPENDIX SUBCATEGORIES,percent_cover,cover,functional_group
2005,WFGB,study_site,RT,Appendix 1 Random Transect Data 2004-2008.xls,excel_appendix,West Bank 2005,SE16,Macroalgae,23.400000000000002,RECONSTRUCTED MAJOR CATEGORY FROM APPENDIX SUBCATEGORIES,percent_cover,cover,functional_group
2005,WFGB,study_site,RT,Appendix 1 Random Transect Data 2004-2008.xls,excel_appendix,West Bank 2005,SE16,Other,0.4,RECONSTRUCTED MAJOR CATEGORY FROM APPENDIX SUBCATEGORIES,percent_cover,cover,functional_group
2005,WFGB,study_site,RT,Appendix 1 Random Transect Data 2004-2008.xls,excel_appendix,West Bank 2005,SE16,Sand,0.0,RECONSTRUCTED MAJOR CATEGORY FROM APPENDIX SUBCATEGORIES,percent_cover,cover,functional_group
2005,WFGB,study_site,RT,Appendix 1 Random Transect Data 2004-2008.xls,excel_appendix,West Bank 2005,SE16,Sponge,0.0,RECONSTRUCTED MAJOR CATEGORY FROM APPENDIX SUBCATEGORIES,percent_cover,cover,functional_group
2005,WFGB,study_site,RT,Appendix 1 Random Transect Data 2004-2008.xls,excel_appendix,West Bank 2005,SW1,CCA,8.0,RECONSTRUCTED MAJOR CATEGORY FROM APPENDIX SUBCATEGORIES,percent_cover,cover,functional_group
2005,WFGB,study_site,RT,Appendix 1 Random Transect Data 2004-2008.xls,excel_appendix,West Bank 2005,SW1,Colonizable Substrate,12.4,RECONSTRUCTED MAJOR CATEGORY FROM APPENDIX SUBCATEGORIES,percent_cover,cover,functional_group
2005,WFGB,study_site,RT,Appendix 1 Random Transect Data 2004-2008.xls,excel_appendix,West Bank 2005,SW1,Coral,53.199999999999996,RECONSTRUCTED MAJOR CATEGORY FROM APPENDIX SUBCATEGORIES,percent_cover,cover,functional_group
2005,WFGB,study_site,RT,Appendix 1 Random Transect Data 2004-2008.xls,excel_appendix,West Bank 2005,SW1,Hydrocoral,1.6,RECONSTRUCTED MAJOR CATEGORY FROM APPENDIX SUBCATEGORIES,percent_cover,cover,functional_group
2005,WFGB,study_site,RT,Appendix 1 Random Transect Data 2004-2008.xls,excel_appendix,West Bank 2005,SW1,Macroalgae,21.2,RECONSTRUCTED MAJOR CATEGORY FROM APPENDIX SUBCATEGORIES,percent_cover,cover,functional_group
2005,WFGB,study_site,RT,Appendix 1 Random Transect Data 2004-2008.xls,excel_appendix,West Bank 2005,SW1,Other,0.2,RECONSTRUCTED MAJOR CATEGORY FROM APPENDIX SUBCATEGORIES,percent_cover,cover,functional_group
2005,WFGB,study_site,RT,Appendix 1 Random Transect Data 2004-2008.xls,excel_appendix,West Bank 2005,SW1,Sand,0.6,RECONSTRUCTED MAJOR CATEGORY FROM APPENDIX SUBCATEGORIES,percent_cover,cover,functional_group
2005,WFGB,study_site,RT,Appendix 1 Random Transect Data 2004-2008.xls,excel_appendix,West Bank 2005,SW1,Sponge,0.2,RECONSTRUCTED MAJOR CATEGORY FROM APPENDIX SUBCATEGORIES,percent_cover,cover,functional_group
2005,WFGB,study_site,RT,Appendix 1 Random Transect Data 2004-2008.xls,excel_appendix,West Bank 2005,SW2,CCA,3.8,RECONSTRUCTED MAJOR CATEGORY FROM APPENDIX SUBCATEGORIES,percent_cover,cover,functional_group
2005,WFGB,study_site,RT,Appendix 1 Random Transect Data 2004-2008.xls,excel_appendix,West Bank 2005,SW2,Colonizable Substrate,10.6,RECONSTRUCTED MAJOR CATEGORY FROM APPENDIX SUBCATEGORIES,percent_cover,cover,functional_group
2005,WFGB,study_site,RT,Appendix 1 Random Transect Data 2004-2008.xls,excel_appendix,West Bank 2005,SW2,Coral,50.2,RECONSTRUCTED MAJOR CATEGORY FROM APPENDIX SUBCATEGORIES,percent_cover,cover,functional_group
2005,WFGB,study_site,RT,Appendix 1 Random Transect Data 2004-2008.xls,excel_appendix,West Bank 2005,SW2,Hydrocoral,2.6,RECONSTRUCTED MAJOR CATEGORY FROM APPENDIX SUBCATEGORIES,percent_cover,cover,functional_group
2005,WFGB,study_site,RT,Appendix 1 Random Transect Data 2004-2008.xls,excel_appendix,West Bank 2005,SW2,Macroalgae,23.400000000000002,RECONSTRUCTED MAJOR CATEGORY FROM APPENDIX SUBCATEGORIES,percent_cover,cover,functional_group
2005,WFGB,study_site,RT,Appendix 1 Random Transect Data 2004-2008.xls,excel_appendix,West Bank 2005,SW2,Other,0.0,RECONSTRUCTED MAJOR CATEGORY FROM APPENDIX SUBCATEGORIES,percent_cover,cover,functional_group
2005,WFGB,study_site,RT,Appendix 1 Random Transect Data 2004-2008.xls,excel_appendix,West Bank 2005,SW2,Sand,0.0,RECONSTRUCTED MAJOR CATEGORY FROM APPENDIX SUBCATEGORIES,percent_cover,cover,functional_group
2005,WFGB,study_site,RT,Appendix 1 Random Transect Data 2004-2008.xls,excel_appendix,West Bank 2005,SW2,Sponge,0.6,RECONSTRUCTED MAJOR CATEGORY FROM APPENDIX SUBCATEGORIES,percent_cover,cover,functional_group
2005,WFGB,study_site,RT,Appendix 1 Random Transect Data 2004-2008.xls,excel_appendix,West Bank 2005,SW3,CCA,3.2,RECONSTRUCTED MAJOR CATEGORY FROM APPENDIX SUBCATEGORIES,percent_cover,cover,functional_group
2005,WFGB,study_site,RT,Appendix 1 Random Transect Data 2004-2008.xls,excel_appendix,West Bank 2005,SW3,Colonizable Substrate,11.600000000000001,RECONSTRUCTED MAJOR CATEGORY FROM APPENDIX SUBCATEGORIES,percent_cover,cover,functional_group
2005,WFGB,study_site,RT,Appendix 1 Random Transect Data 2004-2008.xls,excel_appendix,West Bank 2005,SW3,Coral,62.599999999999994,RECONSTRUCTED MAJOR CATEGORY FROM APPENDIX SUBCATEGORIES,percent_cover,cover,functional_group
2005,WFGB,study_site,RT,Appendix 1 Random Transect Data 2004-2008.xls,excel_appendix,West Bank 2005,SW3,Hydrocoral,1.0,RECONSTRUCTED MAJOR CATEGORY FROM APPENDIX SUBCATEGORIES,percent_cover,cover,functional_group
2005,WFGB,study_site,RT,Appendix 1 Random Transect Data 2004-2008.xls,excel_appendix,West Bank 2005,SW3,Macroalgae,17.0,RECONSTRUCTED MAJOR CATEGORY FROM APPENDIX SUBCATEGORIES,percent_cover,cover,functional_group
2005,WFGB,study_site,RT,Appendix 1 Random Transect Data 2004-2008.xls,excel_appendix,West Bank 2005,SW3,Other,0.0,RECONSTRUCTED MAJOR CATEGORY FROM APPENDIX SUBCATEGORIES,percent_cover,cover,functional_group
2005,WFGB,study_site,RT,Appendix 1 Random Transect Data 2004-2008.xls,excel_appendix,West Bank 2005,SW3,Sand,0.0,RECONSTRUCTED MAJOR CATEGORY FROM APPENDIX SUBCATEGORIES,percent_cover,cover,functional_group
2005,WFGB,study_site,RT,Appendix 1 Random Transect Data 2004-2008.xls,excel_appendix,West Bank 2005,SW3,Sponge,0.0,RECONSTRUCTED MAJOR CATEGORY FROM APPENDIX SUBCATEGORIES,percent_cover,cover,functional_group
2005,WFGB,study_site,RT,Appendix 1 Random Transect Data 2004-2008.xls,excel_appendix,West Bank 2005,SW4,CCA,5.4,RECONSTRUCTED MAJOR CATEGORY FROM APPENDIX SUBCATEGORIES,percent_cover,cover,functional_group
2005,WFGB,study_site,RT,Appendix 1 Random Transect Data 2004-2008.xls,excel_appendix,West Bank 2005,SW4,Colonizable Substrate,21.8,RECONSTRUCTED MAJOR CATEGORY FROM APPENDIX SUBCATEGORIES,percent_cover,cover,functional_group
2005,WFGB,study_site,RT,Appendix 1 Random Transect Data 2004-2008.xls,excel_appendix,West Bank 2005,SW4,Coral,49.0,RECONSTRUCTED MAJOR CATEGORY FROM APPENDIX SUBCATEGORIES,percent_cover,cover,functional_group
2005,WFGB,study_site,RT,Appendix 1 Random Transect Data 2004-2008.xls,excel_appendix,West Bank 2005,SW4,Hydrocoral,4.8,RECONSTRUCTED MAJOR CATEGORY FROM APPENDIX SUBCATEGORIES,percent_cover,cover,functional_group
2005,WFGB,study_site,RT,Appendix 1 Random Transect Data 2004-2008.xls,excel_appendix,West Bank 2005,SW4,Macroalgae,12.2,RECONSTRUCTED MAJOR CATEGORY FROM APPENDIX SUBCATEGORIES,percent_cover,cover,functional_group
2005,WFGB,study_site,RT,Appendix 1 Random Transect Data 2004-2008.xls,excel_appendix,West Bank 2005,SW4,Other,0.2,RECONSTRUCTED MAJOR CATEGORY FROM APPENDIX SUBCATEGORIES,percent_cover,cover,functional_group
2005,WFGB,study_site,RT,Appendix 1 Random Transect Data 2004-2008.xls,excel_appendix,West Bank 2005,SW4,Sand,0.0,RECONSTRUCTED MAJOR CATEGORY FROM APPENDIX SUBCATEGORIES,percent_cover,cover,functional_group
2005,WFGB,study_site,RT,Appendix 1 Random Transect Data 2004-2008.xls,excel_appendix,West Bank 2005,SW4,Sponge,0.0,RECONSTRUCTED MAJOR CATEGORY FROM APPENDIX SUBCATEGORIES,percent_cover,cover,functional_group
2006,EFGB,study_site,RT,Appendix 1 Random Transect Data 2004-2008.xls,excel_appendix,East Bank 2006,NE1,CCA,5.4,RECONSTRUCTED MAJOR CATEGORY FROM APPENDIX SUBCATEGORIES,percent_cover,cover,functional_group
2006,EFGB,study_site,RT,Appendix 1 Random Transect Data 2004-2008.xls,excel_appendix,East Bank 2006,NE1,Colonizable Substrate,21.8,RECONSTRUCTED MAJOR CATEGORY FROM APPENDIX SUBCATEGORIES,percent_cover,cover,functional_group
2006,EFGB,study_site,RT,Appendix 1 Random Transect Data 2004-2008.xls,excel_appendix,East Bank 2006,NE1,Coral,50.4,RECONSTRUCTED MAJOR CATEGORY FROM APPENDIX SUBCATEGORIES,percent_cover,cover,functional_group
2006,EFGB,study_site,RT,Appendix 1 Random Transect Data 2004-2008.xls,excel_appendix,East Bank 2006,NE1,Hydrocoral,0.2,RECONSTRUCTED MAJOR CATEGORY FROM APPENDIX SUBCATEGORIES,percent_cover,cover,functional_group
2006,EFGB,study_site,RT,Appendix 1 Random Transect Data 2004-2008.xls,excel_appendix,East Bank 2006,NE1,Macroalgae,18.2,RECONSTRUCTED MAJOR CATEGORY FROM APPENDIX SUBCATEGORIES,percent_cover,cover,functional_group
2006,EFGB,study_site,RT,Appendix 1 Random Transect Data 2004-2008.xls,excel_appendix,East Bank 2006,NE1,Other,0.0,RECONSTRUCTED MAJOR CATEGORY FROM APPENDIX SUBCATEGORIES,percent_cover,cover,functional_group
2006,EFGB,study_site,RT,Appendix 1 Random Transect Data 2004-2008.xls,excel_appendix,East Bank 2006,NE1,Sand,0.6,RECONSTRUCTED MAJOR CATEGORY FROM APPENDIX SUBCATEGORIES,percent_cover,cover,functional_group
2006,EFGB,study_site,RT,Appendix 1 Random Transect Data 2004-2008.xls,excel_appendix,East Bank 2006,NE1,Sponge,0.4,RECONSTRUCTED MAJOR CATEGORY FROM APPENDIX SUBCATEGORIES,percent_cover,cover,functional_group
2006,EFGB,study_site,RT,Appendix 1 Random Transect Data 2004-2008.xls,excel_appendix,East Bank 2006,NE2,CCA,5.6,RECONSTRUCTED MAJOR CATEGORY FROM APPENDIX SUBCATEGORIES,percent_cover,cover,functional_group
2006,EFGB,study_site,RT,Appendix 1 Random Transect Data 2004-2008.xls,excel_appendix,East Bank 2006,NE2,Colonizable Substrate,21.0,RECONSTRUCTED MAJOR CATEGORY FROM APPENDIX SUBCATEGORIES,percent_cover,cover,functional_group
2006,EFGB,study_site,RT,Appendix 1 Random Transect Data 2004-2008.xls,excel_appendix,East Bank 2006,NE2,Coral,49.2,RECONSTRUCTED MAJOR CATEGORY FROM APPENDIX SUBCATEGORIES,percent_cover,cover,functional_group
2006,EFGB,study_site,RT,Appendix 1 Random Transect Data 2004-2008.xls,excel_appendix,East Bank 2006,NE2,Hydrocoral,0.0,RECONSTRUCTED MAJOR CATEGORY FROM APPENDIX SUBCATEGORIES,percent_cover,cover,functional_group
2006,EFGB,study_site,RT,Appendix 1 Random Transect Data 2004-2008.xls,excel_appendix,East Bank 2006,NE2,Macroalgae,22.200000000000003,RECONSTRUCTED MAJOR CATEGORY FROM APPENDIX SUBCATEGORIES,percent_cover,cover,functional_group
2006,EFGB,study_site,RT,Appendix 1 Random Transect Data 2004-2008.xls,excel_appendix,East Bank 2006,NE2,Other,0.2,RECONSTRUCTED MAJOR CATEGORY FROM APPENDIX SUBCATEGORIES,percent_cover,cover,functional_group
2006,EFGB,study_site,RT,Appendix 1 Random Transect Data 2004-2008.xls,excel_appendix,East Bank 2006,NE2,Sand,0.0,RECONSTRUCTED MAJOR CATEGORY FROM APPENDIX SUBCATEGORIES,percent_cover,cover,functional_group
2006,EFGB,study_site,RT,Appendix 1 Random Transect Data 2004-2008.xls,excel_appendix,East Bank 2006,NE2,Sponge,0.8,RECONSTRUCTED MAJOR CATEGORY FROM APPENDIX SUBCATEGORIES,percent_cover,cover,functional_group
2006,EFGB,study_site,RT,Appendix 1 Random Transect Data 2004-2008.xls,excel_appendix,East Bank 2006,NE3,CCA,4.4,RECONSTRUCTED MAJOR CATEGORY FROM APPENDIX SUBCATEGORIES,percent_cover,cover,functional_group
2006,EFGB,study_site,RT,Appendix 1 Random Transect Data 2004-2008.xls,excel_appendix,East Bank 2006,NE3,Colonizable Substrate,13.8,RECONSTRUCTED MAJOR CATEGORY FROM APPENDIX SUBCATEGORIES,percent_cover,cover,functional_group
2006,EFGB,study_site,RT,Appendix 1 Random Transect Data 2004-2008.xls,excel_appendix,East Bank 2006,NE3,Coral,47.8,RECONSTRUCTED MAJOR CATEGORY FROM APPENDIX SUBCATEGORIES,percent_cover,cover,functional_group
2006,EFGB,study_site,RT,Appendix 1 Random Transect Data 2004-2008.xls,excel_appendix,East Bank 2006,NE3,Hydrocoral,0.0,RECONSTRUCTED MAJOR CATEGORY FROM APPENDIX SUBCATEGORIES,percent_cover,cover,functional_group
2006,EFGB,study_site,RT,Appendix 1 Random Transect Data 2004-2008.xls,excel_appendix,East Bank 2006,NE3,Macroalgae,32.4,RECONSTRUCTED MAJOR CATEGORY FROM APPENDIX SUBCATEGORIES,percent_cover,cover,functional_group
2006,EFGB,study_site,RT,Appendix 1 Random Transect Data 2004-2008.xls,excel_appendix,East Bank 2006,NE3,Other,0.0,RECONSTRUCTED MAJOR CATEGORY FROM APPENDIX SUBCATEGORIES,percent_cover,cover,functional_group
2006,EFGB,study_site,RT,Appendix 1 Random Transect Data 2004-2008.xls,excel_appendix,East Bank 2006,NE3,Sand,0.0,RECONSTRUCTED MAJOR CATEGORY FROM APPENDIX SUBCATEGORIES,percent_cover,cover,functional_group
2006,EFGB,study_site,RT,Appendix 1 Random Transect Data 2004-2008.xls,excel_appendix,East Bank 2006,NE3,Sponge,1.0,RECONSTRUCTED MAJOR CATEGORY FROM APPENDIX SUBCATEGORIES,percent_cover,cover,functional_group
2006,EFGB,study_site,RT,Appendix 1 Random Transect Data 2004-2008.xls,excel_appendix,East Bank 2006,NE4,CCA,1.6,RECONSTRUCTED MAJOR CATEGORY FROM APPENDIX SUBCATEGORIES,percent_cover,cover,functional_group
2006,EFGB,study_site,RT,Appendix 1 Random Transect Data 2004-2008.xls,excel_appendix,East Bank 2006,NE4,Colonizable Substrate,6.0,RECONSTRUCTED MAJOR CATEGORY FROM APPENDIX SUBCATEGORIES,percent_cover,cover,functional_group
2006,EFGB,study_site,RT,Appendix 1 Random Transect Data 2004-2008.xls,excel_appendix,East Bank 2006,NE4,Coral,85.8,RECONSTRUCTED MAJOR CATEGORY FROM APPENDIX SUBCATEGORIES,percent_cover,cover,functional_group
2006,EFGB,study_site,RT,Appendix 1 Random Transect Data 2004-2008.xls,excel_appendix,East Bank 2006,NE4,Hydrocoral,0.2,RECONSTRUCTED MAJOR CATEGORY FROM APPENDIX SUBCATEGORIES,percent_cover,cover,functional_group
2006,EFGB,study_site,RT,Appendix 1 Random Transect Data 2004-2008.xls,excel_appendix,East Bank 2006,NE4,Macroalgae,3.2,RECONSTRUCTED MAJOR CATEGORY FROM APPENDIX SUBCATEGORIES,percent_cover,cover,functional_group
2006,EFGB,study_site,RT,Appendix 1 Random Transect Data 2004-2008.xls,excel_appendix,East Bank 2006,NE4,Other,1.8,RECONSTRUCTED MAJOR CATEGORY FROM APPENDIX SUBCATEGORIES,percent_cover,cover,functional_group
2006,EFGB,study_site,RT,Appendix 1 Random Transect Data 2004-2008.xls,excel_appendix,East Bank 2006,NE4,Sand,0.0,RECONSTRUCTED MAJOR CATEGORY FROM APPENDIX SUBCATEGORIES,percent_cover,cover,functional_group
2006,EFGB,study_site,RT,Appendix 1 Random Transect Data 2004-2008.xls,excel_appendix,East Bank 2006,NE4,Sponge,0.0,RECONSTRUCTED MAJOR CATEGORY FROM APPENDIX SUBCATEGORIES,percent_cover,cover,functional_group
2006,EFGB,study_site,RT,Appendix 1 Random Transect Data 2004-2008.xls,excel_appendix,East Bank 2006,NW1,CCA,1.4,RECONSTRUCTED MAJOR CATEGORY FROM APPENDIX SUBCATEGORIES,percent_cover,cover,functional_group
2006,EFGB,study_site,RT,Appendix 1 Random Transect Data 2004-2008.xls,excel_appendix,East Bank 2006,NW1,Colonizable Substrate,13.4,RECONSTRUCTED MAJOR CATEGORY FROM APPENDIX SUBCATEGORIES,percent_cover,cover,functional_group
2006,EFGB,study_site,RT,Appendix 1 Random Transect Data 2004-2008.xls,excel_appendix,East Bank 2006,NW1,Coral,48.8,RECONSTRUCTED MAJOR CATEGORY FROM APPENDIX SUBCATEGORIES,percent_cover,cover,functional_group
2006,EFGB,study_site,RT,Appendix 1 Random Transect Data 2004-2008.xls,excel_appendix,East Bank 2006,NW1,Hydrocoral,2.0,RECONSTRUCTED MAJOR CATEGORY FROM APPENDIX SUBCATEGORIES,percent_cover,cover,functional_group
2006,EFGB,study_site,RT,Appendix 1 Random Transect Data 2004-2008.xls,excel_appendix,East Bank 2006,NW1,Macroalgae,31.2,RECONSTRUCTED MAJOR CATEGORY FROM APPENDIX SUBCATEGORIES,percent_cover,cover,functional_group
2006,EFGB,study_site,RT,Appendix 1 Random Transect Data 2004-2008.xls,excel_appendix,East Bank 2006,NW1,Other,0.6000000000000001,RECONSTRUCTED MAJOR CATEGORY FROM APPENDIX SUBCATEGORIES,percent_cover,cover,functional_group
2006,EFGB,study_site,RT,Appendix 1 Random Transect Data 2004-2008.xls,excel_appendix,East Bank 2006,NW1,Sand,0.0,RECONSTRUCTED MAJOR CATEGORY FROM APPENDIX SUBCATEGORIES,percent_cover,cover,functional_group
2006,EFGB,study_site,RT,Appendix 1 Random Transect Data 2004-2008.xls,excel_appendix,East Bank 2006,NW1,Sponge,0.4,RECONSTRUCTED MAJOR CATEGORY FROM APPENDIX SUBCATEGORIES,percent_cover,cover,functional_group
2006,EFGB,study_site,RT,Appendix 1 Random Transect Data 2004-2008.xls,excel_appendix,East Bank 2006,NW2,CCA,2.6,RECONSTRUCTED MAJOR CATEGORY FROM APPENDIX SUBCATEGORIES,percent_cover,cover,functional_group
2006,EFGB,study_site,RT,Appendix 1 Random Transect Data 2004-2008.xls,excel_appendix,East Bank 2006,NW2,Colonizable Substrate,15.4,RECONSTRUCTED MAJOR CATEGORY FROM APPENDIX SUBCATEGORIES,percent_cover,cover,functional_group
2006,EFGB,study_site,RT,Appendix 1 Random Transect Data 2004-2008.xls,excel_appendix,East Bank 2006,NW2,Coral,53.0,RECONSTRUCTED MAJOR CATEGORY FROM APPENDIX SUBCATEGORIES,percent_cover,cover,functional_group
2006,EFGB,study_site,RT,Appendix 1 Random Transect Data 2004-2008.xls,excel_appendix,East Bank 2006,NW2,Hydrocoral,0.2,RECONSTRUCTED MAJOR CATEGORY FROM APPENDIX SUBCATEGORIES,percent_cover,cover,functional_group
2006,EFGB,study_site,RT,Appendix 1 Random Transect Data 2004-2008.xls,excel_appendix,East Bank 2006,NW2,Macroalgae,26.4,RECONSTRUCTED MAJOR CATEGORY FROM APPENDIX SUBCATEGORIES,percent_cover,cover,functional_group
2006,EFGB,study_site,RT,Appendix 1 Random Transect Data 2004-2008.xls,excel_appendix,East Bank 2006,NW2,Other,1.0,RECONSTRUCTED MAJOR CATEGORY FROM APPENDIX SUBCATEGORIES,percent_cover,cover,functional_group
2006,EFGB,study_site,RT,Appendix 1 Random Transect Data 2004-2008.xls,excel_appendix,East Bank 2006,NW2,Sand,0.0,RECONSTRUCTED MAJOR CATEGORY FROM APPENDIX SUBCATEGORIES,percent_cover,cover,functional_group
2006,EFGB,study_site,RT,Appendix 1 Random Transect Data 2004-2008.xls,excel_appendix,East Bank 2006,NW2,Sponge,0.0,RECONSTRUCTED MAJOR CATEGORY FROM APPENDIX SUBCATEGORIES,percent_cover,cover,functional_group
2006,EFGB,study_site,RT,Appendix 1 Random Transect Data 2004-2008.xls,excel_appendix,East Bank 2006,NW3,CCA,6.2,RECONSTRUCTED MAJOR CATEGORY FROM APPENDIX SUBCATEGORIES,percent_cover,cover,functional_group
2006,EFGB,study_site,RT,Appendix 1 Random Transect Data 2004-2008.xls,excel_appendix,East Bank 2006,NW3,Colonizable Substrate,25.0,RECONSTRUCTED MAJOR CATEGORY FROM APPENDIX SUBCATEGORIES,percent_cover,cover,functional_group
2006,EFGB,study_site,RT,Appendix 1 Random Transect Data 2004-2008.xls,excel_appendix,East Bank 2006,NW3,Coral,31.0,RECONSTRUCTED MAJOR CATEGORY FROM APPENDIX SUBCATEGORIES,percent_cover,cover,functional_group
2006,EFGB,study_site,RT,Appendix 1 Random Transect Data 2004-2008.xls,excel_appendix,East Bank 2006,NW3,Hydrocoral,0.0,RECONSTRUCTED MAJOR CATEGORY FROM APPENDIX SUBCATEGORIES,percent_cover,cover,functional_group
2006,EFGB,study_site,RT,Appendix 1 Random Transect Data 2004-2008.xls,excel_appendix,East Bank 2006,NW3,Macroalgae,31.2,RECONSTRUCTED MAJOR CATEGORY FROM APPENDIX SUBCATEGORIES,percent_cover,cover,functional_group
2006,EFGB,study_site,RT,Appendix 1 Random Transect Data 2004-2008.xls,excel_appendix,East Bank 2006,NW3,Other,1.5999999999999999,RECONSTRUCTED MAJOR CATEGORY FROM APPENDIX SUBCATEGORIES,percent_cover,cover,functional_group
2006,EFGB,study_site,RT,Appendix 1 Random Transect Data 2004-2008.xls,excel_appendix,East Bank 2006,NW3,Sand,0.0,RECONSTRUCTED MAJOR CATEGORY FROM APPENDIX SUBCATEGORIES,percent_cover,cover,functional_group
2006,EFGB,study_site,RT,Appendix 1 Random Transect Data 2004-2008.xls,excel_appendix,East Bank 2006,NW3,Sponge,3.0,RECONSTRUCTED MAJOR CATEGORY FROM APPENDIX SUBCATEGORIES,percent_cover,cover,functional_group
2006,EFGB,study_site,RT,Appendix 1 Random Transect Data 2004-2008.xls,excel_appendix,East Bank 2006,NW4,CCA,2.4,RECONSTRUCTED MAJOR CATEGORY FROM APPENDIX SUBCATEGORIES,percent_cover,cover,functional_group
2006,EFGB,study_site,RT,Appendix 1 Random Transect Data 2004-2008.xls,excel_appendix,East Bank 2006,NW4,Colonizable Substrate,18.2,RECONSTRUCTED MAJOR CATEGORY FROM APPENDIX SUBCATEGORIES,percent_cover,cover,functional_group
2006,EFGB,study_site,RT,Appendix 1 Random Transect Data 2004-2008.xls,excel_appendix,East Bank 2006,NW4,Coral,46.2,RECONSTRUCTED MAJOR CATEGORY FROM APPENDIX SUBCATEGORIES,percent_cover,cover,functional_group
2006,EFGB,study_site,RT,Appendix 1 Random Transect Data 2004-2008.xls,excel_appendix,East Bank 2006,NW4,Hydrocoral,0.0,RECONSTRUCTED MAJOR CATEGORY FROM APPENDIX SUBCATEGORIES,percent_cover,cover,functional_group
2006,EFGB,study_site,RT,Appendix 1 Random Transect Data 2004-2008.xls,excel_appendix,East Bank 2006,NW4,Macroalgae,29.400000000000002,RECONSTRUCTED MAJOR CATEGORY FROM APPENDIX SUBCATEGORIES,percent_cover,cover,functional_group
2006,EFGB,study_site,RT,Appendix 1 Random Transect Data 2004-2008.xls,excel_appendix,East Bank 2006,NW4,Other,0.0,RECONSTRUCTED MAJOR CATEGORY FROM APPENDIX SUBCATEGORIES,percent_cover,cover,functional_group
2006,EFGB,study_site,RT,Appendix 1 Random Transect Data 2004-2008.xls,excel_appendix,East Bank 2006,NW4,Sand,0.4,RECONSTRUCTED MAJOR CATEGORY FROM APPENDIX SUBCATEGORIES,percent_cover,cover,functional_group
2006,EFGB,study_site,RT,Appendix 1 Random Transect Data 2004-2008.xls,excel_appendix,East Bank 2006,NW4,Sponge,0.4,RECONSTRUCTED MAJOR CATEGORY FROM APPENDIX SUBCATEGORIES,percent_cover,cover,functional_group
2006,EFGB,study_site,RT,Appendix 1 Random Transect Data 2004-2008.xls,excel_appendix,East Bank 2006,SE1,CCA,2.6,RECONSTRUCTED MAJOR CATEGORY FROM APPENDIX SUBCATEGORIES,percent_cover,cover,functional_group
2006,EFGB,study_site,RT,Appendix 1 Random Transect Data 2004-2008.xls,excel_appendix,East Bank 2006,SE1,Colonizable Substrate,8.4,RECONSTRUCTED MAJOR CATEGORY FROM APPENDIX SUBCATEGORIES,percent_cover,cover,functional_group
2006,EFGB,study_site,RT,Appendix 1 Random Transect Data 2004-2008.xls,excel_appendix,East Bank 2006,SE1,Coral,68.2,RECONSTRUCTED MAJOR CATEGORY FROM APPENDIX SUBCATEGORIES,percent_cover,cover,functional_group
2006,EFGB,study_site,RT,Appendix 1 Random Transect Data 2004-2008.xls,excel_appendix,East Bank 2006,SE1,Hydrocoral,2.6,RECONSTRUCTED MAJOR CATEGORY FROM APPENDIX SUBCATEGORIES,percent_cover,cover,functional_group
2006,EFGB,study_site,RT,Appendix 1 Random Transect Data 2004-2008.xls,excel_appendix,East Bank 2006,SE1,Macroalgae,10.8,RECONSTRUCTED MAJOR CATEGORY FROM APPENDIX SUBCATEGORIES,percent_cover,cover,functional_group
2006,EFGB,study_site,RT,Appendix 1 Random Transect Data 2004-2008.xls,excel_appendix,East Bank 2006,SE1,Other,0.0,RECONSTRUCTED MAJOR CATEGORY FROM APPENDIX SUBCATEGORIES,percent_cover,cover,functional_group
2006,EFGB,study_site,RT,Appendix 1 Random Transect Data 2004-2008.xls,excel_appendix,East Bank 2006,SE1,Sand,0.0,RECONSTRUCTED MAJOR CATEGORY FROM APPENDIX SUBCATEGORIES,percent_cover,cover,functional_group
2006,EFGB,study_site,RT,Appendix 1 Random Transect Data 2004-2008.xls,excel_appendix,East Bank 2006,SE1,Sponge,5.0,RECONSTRUCTED MAJOR CATEGORY FROM APPENDIX SUBCATEGORIES,percent_cover,cover,functional_group
2006,EFGB,study_site,RT,Appendix 1 Random Transect Data 2004-2008.xls,excel_appendix,East Bank 2006,SE2,CCA,5.8,RECONSTRUCTED MAJOR CATEGORY FROM APPENDIX SUBCATEGORIES,percent_cover,cover,functional_group
2006,EFGB,study_site,RT,Appendix 1 Random Transect Data 2004-2008.xls,excel_appendix,East Bank 2006,SE2,Colonizable Substrate,20.4,RECONSTRUCTED MAJOR CATEGORY FROM APPENDIX SUBCATEGORIES,percent_cover,cover,functional_group
2006,EFGB,study_site,RT,Appendix 1 Random Transect Data 2004-2008.xls,excel_appendix,East Bank 2006,SE2,Coral,56.39999999999999,RECONSTRUCTED MAJOR CATEGORY FROM APPENDIX SUBCATEGORIES,percent_cover,cover,functional_group
2006,EFGB,study_site,RT,Appendix 1 Random Transect Data 2004-2008.xls,excel_appendix,East Bank 2006,SE2,Hydrocoral,0.0,RECONSTRUCTED MAJOR CATEGORY FROM APPENDIX SUBCATEGORIES,percent_cover,cover,functional_group
2006,EFGB,study_site,RT,Appendix 1 Random Transect Data 2004-2008.xls,excel_appendix,East Bank 2006,SE2,Macroalgae,13.6,RECONSTRUCTED MAJOR CATEGORY FROM APPENDIX SUBCATEGORIES,percent_cover,cover,functional_group
2006,EFGB,study_site,RT,Appendix 1 Random Transect Data 2004-2008.xls,excel_appendix,East Bank 2006,SE2,Other,1.4,RECONSTRUCTED MAJOR CATEGORY FROM APPENDIX SUBCATEGORIES,percent_cover,cover,functional_group
2006,EFGB,study_site,RT,Appendix 1 Random Transect Data 2004-2008.xls,excel_appendix,East Bank 2006,SE2,Sand,0.0,RECONSTRUCTED MAJOR CATEGORY FROM APPENDIX SUBCATEGORIES,percent_cover,cover,functional_group
2006,EFGB,study_site,RT,Appendix 1 Random Transect Data 2004-2008.xls,excel_appendix,East Bank 2006,SE2,Sponge,0.2,RECONSTRUCTED MAJOR CATEGORY FROM APPENDIX SUBCATEGORIES,percent_cover,cover,functional_group
2006,EFGB,study_site,RT,Appendix 1 Random Transect Data 2004-2008.xls,excel_appendix,East Bank 2006,SE3,CCA,4.0,RECONSTRUCTED MAJOR CATEGORY FROM APPENDIX SUBCATEGORIES,percent_cover,cover,functional_group
2006,EFGB,study_site,RT,Appendix 1 Random Transect Data 2004-2008.xls,excel_appendix,East Bank 2006,SE3,Colonizable Substrate,21.2,RECONSTRUCTED MAJOR CATEGORY FROM APPENDIX SUBCATEGORIES,percent_cover,cover,functional_group
2006,EFGB,study_site,RT,Appendix 1 Random Transect Data 2004-2008.xls,excel_appendix,East Bank 2006,SE3,Coral,51.4,RECONSTRUCTED MAJOR CATEGORY FROM APPENDIX SUBCATEGORIES,percent_cover,cover,functional_group
2006,EFGB,study_site,RT,Appendix 1 Random Transect Data 2004-2008.xls,excel_appendix,East Bank 2006,SE3,Hydrocoral,1.4,RECONSTRUCTED MAJOR CATEGORY FROM APPENDIX SUBCATEGORIES,percent_cover,cover,functional_group
2006,EFGB,study_site,RT,Appendix 1 Random Transect Data 2004-2008.xls,excel_appendix,East Bank 2006,SE3,Macroalgae,20.6,RECONSTRUCTED MAJOR CATEGORY FROM APPENDIX SUBCATEGORIES,percent_cover,cover,functional_group
2006,EFGB,study_site,RT,Appendix 1 Random Transect Data 2004-2008.xls,excel_appendix,East Bank 2006,SE3,Other,0.8,RECONSTRUCTED MAJOR CATEGORY FROM APPENDIX SUBCATEGORIES,percent_cover,cover,functional_group
2006,EFGB,study_site,RT,Appendix 1 Random Transect Data 2004-2008.xls,excel_appendix,East Bank 2006,SE3,Sand,0.0,RECONSTRUCTED MAJOR CATEGORY FROM APPENDIX SUBCATEGORIES,percent_cover,cover,functional_group
2006,EFGB,study_site,RT,Appendix 1 Random Transect Data 2004-2008.xls,excel_appendix,East Bank 2006,SE3,Sponge,0.4,RECONSTRUCTED MAJOR CATEGORY FROM APPENDIX SUBCATEGORIES,percent_cover,cover,functional_group
2006,EFGB,study_site,RT,Appendix 1 Random Transect Data 2004-2008.xls,excel_appendix,East Bank 2006,SE4,CCA,0.4,RECONSTRUCTED MAJOR CATEGORY FROM APPENDIX SUBCATEGORIES,percent_cover,cover,functional_group
2006,EFGB,study_site,RT,Appendix 1 Random Transect Data 2004-2008.xls,excel_appendix,East Bank 2006,SE4,Colonizable Substrate,18.8,RECONSTRUCTED MAJOR CATEGORY FROM APPENDIX SUBCATEGORIES,percent_cover,cover,functional_group
2006,EFGB,study_site,RT,Appendix 1 Random Transect Data 2004-2008.xls,excel_appendix,East Bank 2006,SE4,Coral,67.6,RECONSTRUCTED MAJOR CATEGORY FROM APPENDIX SUBCATEGORIES,percent_cover,cover,functional_group
2006,EFGB,study_site,RT,Appendix 1 Random Transect Data 2004-2008.xls,excel_appendix,East Bank 2006,SE4,Hydrocoral,0.4,RECONSTRUCTED MAJOR CATEGORY FROM APPENDIX SUBCATEGORIES,percent_cover,cover,functional_group
2006,EFGB,study_site,RT,Appendix 1 Random Transect Data 2004-2008.xls,excel_appendix,East Bank 2006,SE4,Macroalgae,11.200000000000001,RECONSTRUCTED MAJOR CATEGORY FROM APPENDIX SUBCATEGORIES,percent_cover,cover,functional_group
2006,EFGB,study_site,RT,Appendix 1 Random Transect Data 2004-2008.xls,excel_appendix,East Bank 2006,SE4,Other,0.2,RECONSTRUCTED MAJOR CATEGORY FROM APPENDIX SUBCATEGORIES,percent_cover,cover,functional_group
2006,EFGB,study_site,RT,Appendix 1 Random Transect Data 2004-2008.xls,excel_appendix,East Bank 2006,SE4,Sand,0.4,RECONSTRUCTED MAJOR CATEGORY FROM APPENDIX SUBCATEGORIES,percent_cover,cover,functional_group
2006,EFGB,study_site,RT,Appendix 1 Random Transect Data 2004-2008.xls,excel_appendix,East Bank 2006,SE4,Sponge,0.2,RECONSTRUCTED MAJOR CATEGORY FROM APPENDIX SUBCATEGORIES,percent_cover,cover,functional_group
2006,EFGB,study_site,RT,Appendix 1 Random Transect Data 2004-2008.xls,excel_appendix,East Bank 2006,SW1,CCA,0.8,RECONSTRUCTED MAJOR CATEGORY FROM APPENDIX SUBCATEGORIES,percent_cover,cover,functional_group
2006,EFGB,study_site,RT,Appendix 1 Random Transect Data 2004-2008.xls,excel_appendix,East Bank 2006,SW1,Colonizable Substrate,30.2,RECONSTRUCTED MAJOR CATEGORY FROM APPENDIX SUBCATEGORIES,percent_cover,cover,functional_group
2006,EFGB,study_site,RT,Appendix 1 Random Transect Data 2004-2008.xls,excel_appendix,East Bank 2006,SW1,Coral,47.8,RECONSTRUCTED MAJOR CATEGORY FROM APPENDIX SUBCATEGORIES,percent_cover,cover,functional_group
2006,EFGB,study_site,RT,Appendix 1 Random Transect Data 2004-2008.xls,excel_appendix,East Bank 2006,SW1,Hydrocoral,0.0,RECONSTRUCTED MAJOR CATEGORY FROM APPENDIX SUBCATEGORIES,percent_cover,cover,functional_group
2006,EFGB,study_site,RT,Appendix 1 Random Transect Data 2004-2008.xls,excel_appendix,East Bank 2006,SW1,Macroalgae,19.4,RECONSTRUCTED MAJOR CATEGORY FROM APPENDIX SUBCATEGORIES,percent_cover,cover,functional_group
2006,EFGB,study_site,RT,Appendix 1 Random Transect Data 2004-2008.xls,excel_appendix,East Bank 2006,SW1,Other,0.0,RECONSTRUCTED MAJOR CATEGORY FROM APPENDIX SUBCATEGORIES,percent_cover,cover,functional_group
2006,EFGB,study_site,RT,Appendix 1 Random Transect Data 2004-2008.xls,excel_appendix,East Bank 2006,SW1,Sand,0.8,RECONSTRUCTED MAJOR CATEGORY FROM APPENDIX SUBCATEGORIES,percent_cover,cover,functional_group
2006,EFGB,study_site,RT,Appendix 1 Random Transect Data 2004-2008.xls,excel_appendix,East Bank 2006,SW1,Sponge,0.4,RECONSTRUCTED MAJOR CATEGORY FROM APPENDIX SUBCATEGORIES,percent_cover,cover,functional_group
2006,EFGB,study_site,RT,Appendix 1 Random Transect Data 2004-2008.xls,excel_appendix,East Bank 2006,SW2,CCA,0.8,RECONSTRUCTED MAJOR CATEGORY FROM APPENDIX SUBCATEGORIES,percent_cover,cover,functional_group
2006,EFGB,study_site,RT,Appendix 1 Random Transect Data 2004-2008.xls,excel_appendix,East Bank 2006,SW2,Colonizable Substrate,30.2,RECONSTRUCTED MAJOR CATEGORY FROM APPENDIX SUBCATEGORIES,percent_cover,cover,functional_group
2006,EFGB,study_site,RT,Appendix 1 Random Transect Data 2004-2008.xls,excel_appendix,East Bank 2006,SW2,Coral,35.8,RECONSTRUCTED MAJOR CATEGORY FROM APPENDIX SUBCATEGORIES,percent_cover,cover,functional_group
2006,EFGB,study_site,RT,Appendix 1 Random Transect Data 2004-2008.xls,excel_appendix,East Bank 2006,SW2,Hydrocoral,0.0,RECONSTRUCTED MAJOR CATEGORY FROM APPENDIX SUBCATEGORIES,percent_cover,cover,functional_group
2006,EFGB,study_site,RT,Appendix 1 Random Transect Data 2004-2008.xls,excel_appendix,East Bank 2006,SW2,Macroalgae,30.400000000000002,RECONSTRUCTED MAJOR CATEGORY FROM APPENDIX SUBCATEGORIES,percent_cover,cover,functional_group
2006,EFGB,study_site,RT,Appendix 1 Random Transect Data 2004-2008.xls,excel_appendix,East Bank 2006,SW2,Other,0.0,RECONSTRUCTED MAJOR CATEGORY FROM APPENDIX SUBCATEGORIES,percent_cover,cover,functional_group
2006,EFGB,study_site,RT,Appendix 1 Random Transect Data 2004-2008.xls,excel_appendix,East Bank 2006,SW2,Sand,0.6,RECONSTRUCTED MAJOR CATEGORY FROM APPENDIX SUBCATEGORIES,percent_cover,cover,functional_group
2006,EFGB,study_site,RT,Appendix 1 Random Transect Data 2004-2008.xls,excel_appendix,East Bank 2006,SW2,Sponge,0.2,RECONSTRUCTED MAJOR CATEGORY FROM APPENDIX SUBCATEGORIES,percent_cover,cover,functional_group
2006,EFGB,study_site,RT,Appendix 1 Random Transect Data 2004-2008.xls,excel_appendix,East Bank 2006,SW3,CCA,0.4,RECONSTRUCTED MAJOR CATEGORY FROM APPENDIX SUBCATEGORIES,percent_cover,cover,functional_group
2006,EFGB,study_site,RT,Appendix 1 Random Transect Data 2004-2008.xls,excel_appendix,East Bank 2006,SW3,Colonizable Substrate,29.8,RECONSTRUCTED MAJOR CATEGORY FROM APPENDIX SUBCATEGORIES,percent_cover,cover,functional_group
2006,EFGB,study_site,RT,Appendix 1 Random Transect Data 2004-2008.xls,excel_appendix,East Bank 2006,SW3,Coral,56.0,RECONSTRUCTED MAJOR CATEGORY FROM APPENDIX SUBCATEGORIES,percent_cover,cover,functional_group
2006,EFGB,study_site,RT,Appendix 1 Random Transect Data 2004-2008.xls,excel_appendix,East Bank 2006,SW3,Hydrocoral,0.4,RECONSTRUCTED MAJOR CATEGORY FROM APPENDIX SUBCATEGORIES,percent_cover,cover,functional_group
2006,EFGB,study_site,RT,Appendix 1 Random Transect Data 2004-2008.xls,excel_appendix,East Bank 2006,SW3,Macroalgae,9.4,RECONSTRUCTED MAJOR CATEGORY FROM APPENDIX SUBCATEGORIES,percent_cover,cover,functional_group
2006,EFGB,study_site,RT,Appendix 1 Random Transect Data 2004-2008.xls,excel_appendix,East Bank 2006,SW3,Other,1.0,RECONSTRUCTED MAJOR CATEGORY FROM APPENDIX SUBCATEGORIES,percent_cover,cover,functional_group
2006,EFGB,study_site,RT,Appendix 1 Random Transect Data 2004-2008.xls,excel_appendix,East Bank 2006,SW3,Sand,0.0,RECONSTRUCTED MAJOR CATEGORY FROM APPENDIX SUBCATEGORIES,percent_cover,cover,functional_group
2006,EFGB,study_site,RT,Appendix 1 Random Transect Data 2004-2008.xls,excel_appendix,East Bank 2006,SW3,Sponge,0.2,RECONSTRUCTED MAJOR CATEGORY FROM APPENDIX SUBCATEGORIES,percent_cover,cover,functional_group
2006,EFGB,study_site,RT,Appendix 1 Random Transect Data 2004-2008.xls,excel_appendix,East Bank 2006,SW4,CCA,0.8,RECONSTRUCTED MAJOR CATEGORY FROM APPENDIX SUBCATEGORIES,percent_cover,cover,functional_group
2006,EFGB,study_site,RT,Appendix 1 Random Transect Data 2004-2008.xls,excel_appendix,East Bank 2006,SW4,Colonizable Substrate,32.400000000000006,RECONSTRUCTED MAJOR CATEGORY FROM APPENDIX SUBCATEGORIES,percent_cover,cover,functional_group
2006,EFGB,study_site,RT,Appendix 1 Random Transect Data 2004-2008.xls,excel_appendix,East Bank 2006,SW4,Coral,33.4,RECONSTRUCTED MAJOR CATEGORY FROM APPENDIX SUBCATEGORIES,percent_cover,cover,functional_group
2006,EFGB,study_site,RT,Appendix 1 Random Transect Data 2004-2008.xls,excel_appendix,East Bank 2006,SW4,Hydrocoral,0.0,RECONSTRUCTED MAJOR CATEGORY FROM APPENDIX SUBCATEGORIES,percent_cover,cover,functional_group
2006,EFGB,study_site,RT,Appendix 1 Random Transect Data 2004-2008.xls,excel_appendix,East Bank 2006,SW4,Macroalgae,28.0,RECONSTRUCTED MAJOR CATEGORY FROM APPENDIX SUBCATEGORIES,percent_cover,cover,functional_group
2006,EFGB,study_site,RT,Appendix 1 Random Transect Data 2004-2008.xls,excel_appendix,East Bank 2006,SW4,Other,0.6000000000000001,RECONSTRUCTED MAJOR CATEGORY FROM APPENDIX SUBCATEGORIES,percent_cover,cover,functional_group
2006,EFGB,study_site,RT,Appendix 1 Random Transect Data 2004-2008.xls,excel_appendix,East Bank 2006,SW4,Sand,2.4,RECONSTRUCTED MAJOR CATEGORY FROM APPENDIX SUBCATEGORIES,percent_cover,cover,functional_group
2006,EFGB,study_site,RT,Appendix 1 Random Transect Data 2004-2008.xls,excel_appendix,East Bank 2006,SW4,Sponge,0.0,RECONSTRUCTED MAJOR CATEGORY FROM APPENDIX SUBCATEGORIES,percent_cover,cover,functional_group
2006,WFGB,study_site,RT,Appendix 1 Random Transect Data 2004-2008.xls,excel_appendix,West Bank 2006,NE1,CCA,3.8,RECONSTRUCTED MAJOR CATEGORY FROM APPENDIX SUBCATEGORIES,percent_cover,cover,functional_group
2006,WFGB,study_site,RT,Appendix 1 Random Transect Data 2004-2008.xls,excel_appendix,West Bank 2006,NE1,Colonizable Substrate,14.6,RECONSTRUCTED MAJOR CATEGORY FROM APPENDIX SUBCATEGORIES,percent_cover,cover,functional_group
2006,WFGB,study_site,RT,Appendix 1 Random Transect Data 2004-2008.xls,excel_appendix,West Bank 2006,NE1,Coral,69.4,RECONSTRUCTED MAJOR CATEGORY FROM APPENDIX SUBCATEGORIES,percent_cover,cover,functional_group
2006,WFGB,study_site,RT,Appendix 1 Random Transect Data 2004-2008.xls,excel_appendix,West Bank 2006,NE1,Hydrocoral,0.2,RECONSTRUCTED MAJOR CATEGORY FROM APPENDIX SUBCATEGORIES,percent_cover,cover,functional_group
2006,WFGB,study_site,RT,Appendix 1 Random Transect Data 2004-2008.xls,excel_appendix,West Bank 2006,NE1,Macroalgae,8.8,RECONSTRUCTED MAJOR CATEGORY FROM APPENDIX SUBCATEGORIES,percent_cover,cover,functional_group
2006,WFGB,study_site,RT,Appendix 1 Random Transect Data 2004-2008.xls,excel_appendix,West Bank 2006,NE1,Other,0.2,RECONSTRUCTED MAJOR CATEGORY FROM APPENDIX SUBCATEGORIES,percent_cover,cover,functional_group
2006,WFGB,study_site,RT,Appendix 1 Random Transect Data 2004-2008.xls,excel_appendix,West Bank 2006,NE1,Sand,0.4,RECONSTRUCTED MAJOR CATEGORY FROM APPENDIX SUBCATEGORIES,percent_cover,cover,functional_group
2006,WFGB,study_site,RT,Appendix 1 Random Transect Data 2004-2008.xls,excel_appendix,West Bank 2006,NE1,Sponge,0.2,RECONSTRUCTED MAJOR CATEGORY FROM APPENDIX SUBCATEGORIES,percent_cover,cover,functional_group
2006,WFGB,study_site,RT,Appendix 1 Random Transect Data 2004-2008.xls,excel_appendix,West Bank 2006,NE2,CCA,3.4,RECONSTRUCTED MAJOR CATEGORY FROM APPENDIX SUBCATEGORIES,percent_cover,cover,functional_group
2006,WFGB,study_site,RT,Appendix 1 Random Transect Data 2004-2008.xls,excel_appendix,West Bank 2006,NE2,Colonizable Substrate,31.4,RECONSTRUCTED MAJOR CATEGORY FROM APPENDIX SUBCATEGORIES,percent_cover,cover,functional_group
2006,WFGB,study_site,RT,Appendix 1 Random Transect Data 2004-2008.xls,excel_appendix,West Bank 2006,NE2,Coral,49.400000000000006,RECONSTRUCTED MAJOR CATEGORY FROM APPENDIX SUBCATEGORIES,percent_cover,cover,functional_group
2006,WFGB,study_site,RT,Appendix 1 Random Transect Data 2004-2008.xls,excel_appendix,West Bank 2006,NE2,Hydrocoral,0.0,RECONSTRUCTED MAJOR CATEGORY FROM APPENDIX SUBCATEGORIES,percent_cover,cover,functional_group
2006,WFGB,study_site,RT,Appendix 1 Random Transect Data 2004-2008.xls,excel_appendix,West Bank 2006,NE2,Macroalgae,13.4,RECONSTRUCTED MAJOR CATEGORY FROM APPENDIX SUBCATEGORIES,percent_cover,cover,functional_group
2006,WFGB,study_site,RT,Appendix 1 Random Transect Data 2004-2008.xls,excel_appendix,West Bank 2006,NE2,Other,0.6000000000000001,RECONSTRUCTED MAJOR CATEGORY FROM APPENDIX SUBCATEGORIES,percent_cover,cover,functional_group
2006,WFGB,study_site,RT,Appendix 1 Random Transect Data 2004-2008.xls,excel_appendix,West Bank 2006,NE2,Sand,0.2,RECONSTRUCTED MAJOR CATEGORY FROM APPENDIX SUBCATEGORIES,percent_cover,cover,functional_group
2006,WFGB,study_site,RT,Appendix 1 Random Transect Data 2004-2008.xls,excel_appendix,West Bank 2006,NE2,Sponge,0.4,RECONSTRUCTED MAJOR CATEGORY FROM APPENDIX SUBCATEGORIES,percent_cover,cover,functional_group
2006,WFGB,study_site,RT,Appendix 1 Random Transect Data 2004-2008.xls,excel_appendix,West Bank 2006,NE3,CCA,1.6,RECONSTRUCTED MAJOR CATEGORY FROM APPENDIX SUBCATEGORIES,percent_cover,cover,functional_group
2006,WFGB,study_site,RT,Appendix 1 Random Transect Data 2004-2008.xls,excel_appendix,West Bank 2006,NE3,Colonizable Substrate,35.8,RECONSTRUCTED MAJOR CATEGORY FROM APPENDIX SUBCATEGORIES,percent_cover,cover,functional_group
2006,WFGB,study_site,RT,Appendix 1 Random Transect Data 2004-2008.xls,excel_appendix,West Bank 2006,NE3,Coral,50.60000000000001,RECONSTRUCTED MAJOR CATEGORY FROM APPENDIX SUBCATEGORIES,percent_cover,cover,functional_group
2006,WFGB,study_site,RT,Appendix 1 Random Transect Data 2004-2008.xls,excel_appendix,West Bank 2006,NE3,Hydrocoral,1.8,RECONSTRUCTED MAJOR CATEGORY FROM APPENDIX SUBCATEGORIES,percent_cover,cover,functional_group
2006,WFGB,study_site,RT,Appendix 1 Random Transect Data 2004-2008.xls,excel_appendix,West Bank 2006,NE3,Macroalgae,7.0,RECONSTRUCTED MAJOR CATEGORY FROM APPENDIX SUBCATEGORIES,percent_cover,cover,functional_group
2006,WFGB,study_site,RT,Appendix 1 Random Transect Data 2004-2008.xls,excel_appendix,West Bank 2006,NE3,Other,0.8,RECONSTRUCTED MAJOR CATEGORY FROM APPENDIX SUBCATEGORIES,percent_cover,cover,functional_group
2006,WFGB,study_site,RT,Appendix 1 Random Transect Data 2004-2008.xls,excel_appendix,West Bank 2006,NE3,Sand,0.0,RECONSTRUCTED MAJOR CATEGORY FROM APPENDIX SUBCATEGORIES,percent_cover,cover,functional_group
2006,WFGB,study_site,RT,Appendix 1 Random Transect Data 2004-2008.xls,excel_appendix,West Bank 2006,NE3,Sponge,0.0,RECONSTRUCTED MAJOR CATEGORY FROM APPENDIX SUBCATEGORIES,percent_cover,cover,functional_group
2006,WFGB,study_site,RT,Appendix 1 Random Transect Data 2004-2008.xls,excel_appendix,West Bank 2006,NE4,CCA,2.4,RECONSTRUCTED MAJOR CATEGORY FROM APPENDIX SUBCATEGORIES,percent_cover,cover,functional_group
2006,WFGB,study_site,RT,Appendix 1 Random Transect Data 2004-2008.xls,excel_appendix,West Bank 2006,NE4,Colonizable Substrate,13.4,RECONSTRUCTED MAJOR CATEGORY FROM APPENDIX SUBCATEGORIES,percent_cover,cover,functional_group
2006,WFGB,study_site,RT,Appendix 1 Random Transect Data 2004-2008.xls,excel_appendix,West Bank 2006,NE4,Coral,76.6,RECONSTRUCTED MAJOR CATEGORY FROM APPENDIX SUBCATEGORIES,percent_cover,cover,functional_group
2006,WFGB,study_site,RT,Appendix 1 Random Transect Data 2004-2008.xls,excel_appendix,West Bank 2006,NE4,Hydrocoral,0.0,RECONSTRUCTED MAJOR CATEGORY FROM APPENDIX SUBCATEGORIES,percent_cover,cover,functional_group
2006,WFGB,study_site,RT,Appendix 1 Random Transect Data 2004-2008.xls,excel_appendix,West Bank 2006,NE4,Macroalgae,5.2,RECONSTRUCTED MAJOR CATEGORY FROM APPENDIX SUBCATEGORIES,percent_cover,cover,functional_group
2006,WFGB,study_site,RT,Appendix 1 Random Transect Data 2004-2008.xls,excel_appendix,West Bank 2006,NE4,Other,0.2,RECONSTRUCTED MAJOR CATEGORY FROM APPENDIX SUBCATEGORIES,percent_cover,cover,functional_group
2006,WFGB,study_site,RT,Appendix 1 Random Transect Data 2004-2008.xls,excel_appendix,West Bank 2006,NE4,Sand,1.6,RECONSTRUCTED MAJOR CATEGORY FROM APPENDIX SUBCATEGORIES,percent_cover,cover,functional_group
2006,WFGB,study_site,RT,Appendix 1 Random Transect Data 2004-2008.xls,excel_appendix,West Bank 2006,NE4,Sponge,0.2,RECONSTRUCTED MAJOR CATEGORY FROM APPENDIX SUBCATEGORIES,percent_cover,cover,functional_group
2006,WFGB,study_site,RT,Appendix 1 Random Transect Data 2004-2008.xls,excel_appendix,West Bank 2006,NW1,CCA,2.6,RECONSTRUCTED MAJOR CATEGORY FROM APPENDIX SUBCATEGORIES,percent_cover,cover,functional_group
2006,WFGB,study_site,RT,Appendix 1 Random Transect Data 2004-2008.xls,excel_appendix,West Bank 2006,NW1,Colonizable Substrate,15.2,RECONSTRUCTED MAJOR CATEGORY FROM APPENDIX SUBCATEGORIES,percent_cover,cover,functional_group
2006,WFGB,study_site,RT,Appendix 1 Random Transect Data 2004-2008.xls,excel_appendix,West Bank 2006,NW1,Coral,72.0,RECONSTRUCTED MAJOR CATEGORY FROM APPENDIX SUBCATEGORIES,percent_cover,cover,functional_group
2006,WFGB,study_site,RT,Appendix 1 Random Transect Data 2004-2008.xls,excel_appendix,West Bank 2006,NW1,Hydrocoral,0.4,RECONSTRUCTED MAJOR CATEGORY FROM APPENDIX SUBCATEGORIES,percent_cover,cover,functional_group
2006,WFGB,study_site,RT,Appendix 1 Random Transect Data 2004-2008.xls,excel_appendix,West Bank 2006,NW1,Macroalgae,8.200000000000001,RECONSTRUCTED MAJOR CATEGORY FROM APPENDIX SUBCATEGORIES,percent_cover,cover,functional_group
2006,WFGB,study_site,RT,Appendix 1 Random Transect Data 2004-2008.xls,excel_appendix,West Bank 2006,NW1,Other,0.8,RECONSTRUCTED MAJOR CATEGORY FROM APPENDIX SUBCATEGORIES,percent_cover,cover,functional_group
2006,WFGB,study_site,RT,Appendix 1 Random Transect Data 2004-2008.xls,excel_appendix,West Bank 2006,NW1,Sand,0.0,RECONSTRUCTED MAJOR CATEGORY FROM APPENDIX SUBCATEGORIES,percent_cover,cover,functional_group
2006,WFGB,study_site,RT,Appendix 1 Random Transect Data 2004-2008.xls,excel_appendix,West Bank 2006,NW1,Sponge,0.2,RECONSTRUCTED MAJOR CATEGORY FROM APPENDIX SUBCATEGORIES,percent_cover,cover,functional_group
2006,WFGB,study_site,RT,Appendix 1 Random Transect Data 2004-2008.xls,excel_appendix,West Bank 2006,NW2,CCA,2.6,RECONSTRUCTED MAJOR CATEGORY FROM APPENDIX SUBCATEGORIES,percent_cover,cover,functional_group
2006,WFGB,study_site,RT,Appendix 1 Random Transect Data 2004-2008.xls,excel_appendix,West Bank 2006,NW2,Colonizable Substrate,28.6,RECONSTRUCTED MAJOR CATEGORY FROM APPENDIX SUBCATEGORIES,percent_cover,cover,functional_group
2006,WFGB,study_site,RT,Appendix 1 Random Transect Data 2004-2008.xls,excel_appendix,West Bank 2006,NW2,Coral,51.99999999999999,RECONSTRUCTED MAJOR CATEGORY FROM APPENDIX SUBCATEGORIES,percent_cover,cover,functional_group
2006,WFGB,study_site,RT,Appendix 1 Random Transect Data 2004-2008.xls,excel_appendix,West Bank 2006,NW2,Hydrocoral,0.0,RECONSTRUCTED MAJOR CATEGORY FROM APPENDIX SUBCATEGORIES,percent_cover,cover,functional_group
2006,WFGB,study_site,RT,Appendix 1 Random Transect Data 2004-2008.xls,excel_appendix,West Bank 2006,NW2,Macroalgae,14.799999999999999,RECONSTRUCTED MAJOR CATEGORY FROM APPENDIX SUBCATEGORIES,percent_cover,cover,functional_group
2006,WFGB,study_site,RT,Appendix 1 Random Transect Data 2004-2008.xls,excel_appendix,West Bank 2006,NW2,Other,0.0,RECONSTRUCTED MAJOR CATEGORY FROM APPENDIX SUBCATEGORIES,percent_cover,cover,functional_group
2006,WFGB,study_site,RT,Appendix 1 Random Transect Data 2004-2008.xls,excel_appendix,West Bank 2006,NW2,Sand,0.0,RECONSTRUCTED MAJOR CATEGORY FROM APPENDIX SUBCATEGORIES,percent_cover,cover,functional_group
2006,WFGB,study_site,RT,Appendix 1 Random Transect Data 2004-2008.xls,excel_appendix,West Bank 2006,NW2,Sponge,0.6000000000000001,RECONSTRUCTED MAJOR CATEGORY FROM APPENDIX SUBCATEGORIES,percent_cover,cover,functional_group
2006,WFGB,study_site,RT,Appendix 1 Random Transect Data 2004-2008.xls,excel_appendix,West Bank 2006,NW3,CCA,5.8,RECONSTRUCTED MAJOR CATEGORY FROM APPENDIX SUBCATEGORIES,percent_cover,cover,functional_group
2006,WFGB,study_site,RT,Appendix 1 Random Transect Data 2004-2008.xls,excel_appendix,West Bank 2006,NW3,Colonizable Substrate,13.8,RECONSTRUCTED MAJOR CATEGORY FROM APPENDIX SUBCATEGORIES,percent_cover,cover,functional_group
2006,WFGB,study_site,RT,Appendix 1 Random Transect Data 2004-2008.xls,excel_appendix,West Bank 2006,NW3,Coral,66.19999999999999,RECONSTRUCTED MAJOR CATEGORY FROM APPENDIX SUBCATEGORIES,percent_cover,cover,functional_group
2006,WFGB,study_site,RT,Appendix 1 Random Transect Data 2004-2008.xls,excel_appendix,West Bank 2006,NW3,Hydrocoral,0.0,RECONSTRUCTED MAJOR CATEGORY FROM APPENDIX SUBCATEGORIES,percent_cover,cover,functional_group
2006,WFGB,study_site,RT,Appendix 1 Random Transect Data 2004-2008.xls,excel_appendix,West Bank 2006,NW3,Macroalgae,11.2,RECONSTRUCTED MAJOR CATEGORY FROM APPENDIX SUBCATEGORIES,percent_cover,cover,functional_group
2006,WFGB,study_site,RT,Appendix 1 Random Transect Data 2004-2008.xls,excel_appendix,West Bank 2006,NW3,Other,0.8,RECONSTRUCTED MAJOR CATEGORY FROM APPENDIX SUBCATEGORIES,percent_cover,cover,functional_group
2006,WFGB,study_site,RT,Appendix 1 Random Transect Data 2004-2008.xls,excel_appendix,West Bank 2006,NW3,Sand,0.0,RECONSTRUCTED MAJOR CATEGORY FROM APPENDIX SUBCATEGORIES,percent_cover,cover,functional_group
2006,WFGB,study_site,RT,Appendix 1 Random Transect Data 2004-2008.xls,excel_appendix,West Bank 2006,NW3,Sponge,0.0,RECONSTRUCTED MAJOR CATEGORY FROM APPENDIX SUBCATEGORIES,percent_cover,cover,functional_group
2006,WFGB,study_site,RT,Appendix 1 Random Transect Data 2004-2008.xls,excel_appendix,West Bank 2006,NW4,CCA,2.8,RECONSTRUCTED MAJOR CATEGORY FROM APPENDIX SUBCATEGORIES,percent_cover,cover,functional_group
2006,WFGB,study_site,RT,Appendix 1 Random Transect Data 2004-2008.xls,excel_appendix,West Bank 2006,NW4,Colonizable Substrate,18.2,RECONSTRUCTED MAJOR CATEGORY FROM APPENDIX SUBCATEGORIES,percent_cover,cover,functional_group
2006,WFGB,study_site,RT,Appendix 1 Random Transect Data 2004-2008.xls,excel_appendix,West Bank 2006,NW4,Coral,50.599999999999994,RECONSTRUCTED MAJOR CATEGORY FROM APPENDIX SUBCATEGORIES,percent_cover,cover,functional_group
2006,WFGB,study_site,RT,Appendix 1 Random Transect Data 2004-2008.xls,excel_appendix,West Bank 2006,NW4,Hydrocoral,0.8,RECONSTRUCTED MAJOR CATEGORY FROM APPENDIX SUBCATEGORIES,percent_cover,cover,functional_group
2006,WFGB,study_site,RT,Appendix 1 Random Transect Data 2004-2008.xls,excel_appendix,West Bank 2006,NW4,Macroalgae,25.4,RECONSTRUCTED MAJOR CATEGORY FROM APPENDIX SUBCATEGORIES,percent_cover,cover,functional_group
2006,WFGB,study_site,RT,Appendix 1 Random Transect Data 2004-2008.xls,excel_appendix,West Bank 2006,NW4,Other,0.0,RECONSTRUCTED MAJOR CATEGORY FROM APPENDIX SUBCATEGORIES,percent_cover,cover,functional_group
2006,WFGB,study_site,RT,Appendix 1 Random Transect Data 2004-2008.xls,excel_appendix,West Bank 2006,NW4,Sand,0.0,RECONSTRUCTED MAJOR CATEGORY FROM APPENDIX SUBCATEGORIES,percent_cover,cover,functional_group
2006,WFGB,study_site,RT,Appendix 1 Random Transect Data 2004-2008.xls,excel_appendix,West Bank 2006,NW4,Sponge,0.4,RECONSTRUCTED MAJOR CATEGORY FROM APPENDIX SUBCATEGORIES,percent_cover,cover,functional_group
2006,WFGB,study_site,RT,Appendix 1 Random Transect Data 2004-2008.xls,excel_appendix,West Bank 2006,SE1,CCA,2.8,RECONSTRUCTED MAJOR CATEGORY FROM APPENDIX SUBCATEGORIES,percent_cover,cover,functional_group
2006,WFGB,study_site,RT,Appendix 1 Random Transect Data 2004-2008.xls,excel_appendix,West Bank 2006,SE1,Colonizable Substrate,23.2,RECONSTRUCTED MAJOR CATEGORY FROM APPENDIX SUBCATEGORIES,percent_cover,cover,functional_group
2006,WFGB,study_site,RT,Appendix 1 Random Transect Data 2004-2008.xls,excel_appendix,West Bank 2006,SE1,Coral,55.8,RECONSTRUCTED MAJOR CATEGORY FROM APPENDIX SUBCATEGORIES,percent_cover,cover,functional_group
2006,WFGB,study_site,RT,Appendix 1 Random Transect Data 2004-2008.xls,excel_appendix,West Bank 2006,SE1,Hydrocoral,1.0,RECONSTRUCTED MAJOR CATEGORY FROM APPENDIX SUBCATEGORIES,percent_cover,cover,functional_group
2006,WFGB,study_site,RT,Appendix 1 Random Transect Data 2004-2008.xls,excel_appendix,West Bank 2006,SE1,Macroalgae,12.0,RECONSTRUCTED MAJOR CATEGORY FROM APPENDIX SUBCATEGORIES,percent_cover,cover,functional_group
2006,WFGB,study_site,RT,Appendix 1 Random Transect Data 2004-2008.xls,excel_appendix,West Bank 2006,SE1,Other,0.2,RECONSTRUCTED MAJOR CATEGORY FROM APPENDIX SUBCATEGORIES,percent_cover,cover,functional_group
2006,WFGB,study_site,RT,Appendix 1 Random Transect Data 2004-2008.xls,excel_appendix,West Bank 2006,SE1,Sand,1.2,RECONSTRUCTED MAJOR CATEGORY FROM APPENDIX SUBCATEGORIES,percent_cover,cover,functional_group
2006,WFGB,study_site,RT,Appendix 1 Random Transect Data 2004-2008.xls,excel_appendix,West Bank 2006,SE1,Sponge,0.4,RECONSTRUCTED MAJOR CATEGORY FROM APPENDIX SUBCATEGORIES,percent_cover,cover,functional_group
2006,WFGB,study_site,RT,Appendix 1 Random Transect Data 2004-2008.xls,excel_appendix,West Bank 2006,SE2,CCA,4.4,RECONSTRUCTED MAJOR CATEGORY FROM APPENDIX SUBCATEGORIES,percent_cover,cover,functional_group
2006,WFGB,study_site,RT,Appendix 1 Random Transect Data 2004-2008.xls,excel_appendix,West Bank 2006,SE2,Colonizable Substrate,16.8,RECONSTRUCTED MAJOR CATEGORY FROM APPENDIX SUBCATEGORIES,percent_cover,cover,functional_group
2006,WFGB,study_site,RT,Appendix 1 Random Transect Data 2004-2008.xls,excel_appendix,West Bank 2006,SE2,Coral,68.0,RECONSTRUCTED MAJOR CATEGORY FROM APPENDIX SUBCATEGORIES,percent_cover,cover,functional_group
2006,WFGB,study_site,RT,Appendix 1 Random Transect Data 2004-2008.xls,excel_appendix,West Bank 2006,SE2,Hydrocoral,0.0,RECONSTRUCTED MAJOR CATEGORY FROM APPENDIX SUBCATEGORIES,percent_cover,cover,functional_group
2006,WFGB,study_site,RT,Appendix 1 Random Transect Data 2004-2008.xls,excel_appendix,West Bank 2006,SE2,Macroalgae,7.6,RECONSTRUCTED MAJOR CATEGORY FROM APPENDIX SUBCATEGORIES,percent_cover,cover,functional_group
2006,WFGB,study_site,RT,Appendix 1 Random Transect Data 2004-2008.xls,excel_appendix,West Bank 2006,SE2,Other,1.0,RECONSTRUCTED MAJOR CATEGORY FROM APPENDIX SUBCATEGORIES,percent_cover,cover,functional_group
2006,WFGB,study_site,RT,Appendix 1 Random Transect Data 2004-2008.xls,excel_appendix,West Bank 2006,SE2,Sand,0.8,RECONSTRUCTED MAJOR CATEGORY FROM APPENDIX SUBCATEGORIES,percent_cover,cover,functional_group
2006,WFGB,study_site,RT,Appendix 1 Random Transect Data 2004-2008.xls,excel_appendix,West Bank 2006,SE2,Sponge,0.0,RECONSTRUCTED MAJOR CATEGORY FROM APPENDIX SUBCATEGORIES,percent_cover,cover,functional_group
2006,WFGB,study_site,RT,Appendix 1 Random Transect Data 2004-2008.xls,excel_appendix,West Bank 2006,SE3,CCA,9.6,RECONSTRUCTED MAJOR CATEGORY FROM APPENDIX SUBCATEGORIES,percent_cover,cover,functional_group
2006,WFGB,study_site,RT,Appendix 1 Random Transect Data 2004-2008.xls,excel_appendix,West Bank 2006,SE3,Colonizable Substrate,29.0,RECONSTRUCTED MAJOR CATEGORY FROM APPENDIX SUBCATEGORIES,percent_cover,cover,functional_group
2006,WFGB,study_site,RT,Appendix 1 Random Transect Data 2004-2008.xls,excel_appendix,West Bank 2006,SE3,Coral,41.6,RECONSTRUCTED MAJOR CATEGORY FROM APPENDIX SUBCATEGORIES,percent_cover,cover,functional_group
2006,WFGB,study_site,RT,Appendix 1 Random Transect Data 2004-2008.xls,excel_appendix,West Bank 2006,SE3,Hydrocoral,0.4,RECONSTRUCTED MAJOR CATEGORY FROM APPENDIX SUBCATEGORIES,percent_cover,cover,functional_group
2006,WFGB,study_site,RT,Appendix 1 Random Transect Data 2004-2008.xls,excel_appendix,West Bank 2006,SE3,Macroalgae,15.2,RECONSTRUCTED MAJOR CATEGORY FROM APPENDIX SUBCATEGORIES,percent_cover,cover,functional_group
2006,WFGB,study_site,RT,Appendix 1 Random Transect Data 2004-2008.xls,excel_appendix,West Bank 2006,SE3,Other,0.6,RECONSTRUCTED MAJOR CATEGORY FROM APPENDIX SUBCATEGORIES,percent_cover,cover,functional_group
2006,WFGB,study_site,RT,Appendix 1 Random Transect Data 2004-2008.xls,excel_appendix,West Bank 2006,SE3,Sand,0.2,RECONSTRUCTED MAJOR CATEGORY FROM APPENDIX SUBCATEGORIES,percent_cover,cover,functional_group
2006,WFGB,study_site,RT,Appendix 1 Random Transect Data 2004-2008.xls,excel_appendix,West Bank 2006,SE3,Sponge,0.8,RECONSTRUCTED MAJOR CATEGORY FROM APPENDIX SUBCATEGORIES,percent_cover,cover,functional_group
2006,WFGB,study_site,RT,Appendix 1 Random Transect Data 2004-2008.xls,excel_appendix,West Bank 2006,SE4,CCA,2.0,RECONSTRUCTED MAJOR CATEGORY FROM APPENDIX SUBCATEGORIES,percent_cover,cover,functional_group
2006,WFGB,study_site,RT,Appendix 1 Random Transect Data 2004-2008.xls,excel_appendix,West Bank 2006,SE4,Colonizable Substrate,18.599999999999998,RECONSTRUCTED MAJOR CATEGORY FROM APPENDIX SUBCATEGORIES,percent_cover,cover,functional_group
2006,WFGB,study_site,RT,Appendix 1 Random Transect Data 2004-2008.xls,excel_appendix,West Bank 2006,SE4,Coral,57.2,RECONSTRUCTED MAJOR CATEGORY FROM APPENDIX SUBCATEGORIES,percent_cover,cover,functional_group
2006,WFGB,study_site,RT,Appendix 1 Random Transect Data 2004-2008.xls,excel_appendix,West Bank 2006,SE4,Hydrocoral,0.0,RECONSTRUCTED MAJOR CATEGORY FROM APPENDIX SUBCATEGORIES,percent_cover,cover,functional_group
2006,WFGB,study_site,RT,Appendix 1 Random Transect Data 2004-2008.xls,excel_appendix,West Bank 2006,SE4,Macroalgae,16.8,RECONSTRUCTED MAJOR CATEGORY FROM APPENDIX SUBCATEGORIES,percent_cover,cover,functional_group
2006,WFGB,study_site,RT,Appendix 1 Random Transect Data 2004-2008.xls,excel_appendix,West Bank 2006,SE4,Other,0.4,RECONSTRUCTED MAJOR CATEGORY FROM APPENDIX SUBCATEGORIES,percent_cover,cover,functional_group
2006,WFGB,study_site,RT,Appendix 1 Random Transect Data 2004-2008.xls,excel_appendix,West Bank 2006,SE4,Sand,1.8,RECONSTRUCTED MAJOR CATEGORY FROM APPENDIX SUBCATEGORIES,percent_cover,cover,functional_group
2006,WFGB,study_site,RT,Appendix 1 Random Transect Data 2004-2008.xls,excel_appendix,West Bank 2006,SE4,Sponge,1.6,RECONSTRUCTED MAJOR CATEGORY FROM APPENDIX SUBCATEGORIES,percent_cover,cover,functional_group
2006,WFGB,study_site,RT,Appendix 1 Random Transect Data 2004-2008.xls,excel_appendix,West Bank 2006,SW1,CCA,3.2,RECONSTRUCTED MAJOR CATEGORY FROM APPENDIX SUBCATEGORIES,percent_cover,cover,functional_group
2006,WFGB,study_site,RT,Appendix 1 Random Transect Data 2004-2008.xls,excel_appendix,West Bank 2006,SW1,Colonizable Substrate,17.2,RECONSTRUCTED MAJOR CATEGORY FROM APPENDIX SUBCATEGORIES,percent_cover,cover,functional_group
2006,WFGB,study_site,RT,Appendix 1 Random Transect Data 2004-2008.xls,excel_appendix,West Bank 2006,SW1,Coral,68.60000000000001,RECONSTRUCTED MAJOR CATEGORY FROM APPENDIX SUBCATEGORIES,percent_cover,cover,functional_group
2006,WFGB,study_site,RT,Appendix 1 Random Transect Data 2004-2008.xls,excel_appendix,West Bank 2006,SW1,Hydrocoral,0.8,RECONSTRUCTED MAJOR CATEGORY FROM APPENDIX SUBCATEGORIES,percent_cover,cover,functional_group
2006,WFGB,study_site,RT,Appendix 1 Random Transect Data 2004-2008.xls,excel_appendix,West Bank 2006,SW1,Macroalgae,8.4,RECONSTRUCTED MAJOR CATEGORY FROM APPENDIX SUBCATEGORIES,percent_cover,cover,functional_group
2006,WFGB,study_site,RT,Appendix 1 Random Transect Data 2004-2008.xls,excel_appendix,West Bank 2006,SW1,Other,0.4,RECONSTRUCTED MAJOR CATEGORY FROM APPENDIX SUBCATEGORIES,percent_cover,cover,functional_group
2006,WFGB,study_site,RT,Appendix 1 Random Transect Data 2004-2008.xls,excel_appendix,West Bank 2006,SW1,Sand,0.0,RECONSTRUCTED MAJOR CATEGORY FROM APPENDIX SUBCATEGORIES,percent_cover,cover,functional_group
2006,WFGB,study_site,RT,Appendix 1 Random Transect Data 2004-2008.xls,excel_appendix,West Bank 2006,SW1,Sponge,0.2,RECONSTRUCTED MAJOR CATEGORY FROM APPENDIX SUBCATEGORIES,percent_cover,cover,functional_group
2006,WFGB,study_site,RT,Appendix 1 Random Transect Data 2004-2008.xls,excel_appendix,West Bank 2006,SW2,CCA,3.4,RECONSTRUCTED MAJOR CATEGORY FROM APPENDIX SUBCATEGORIES,percent_cover,cover,functional_group
2006,WFGB,study_site,RT,Appendix 1 Random Transect Data 2004-2008.xls,excel_appendix,West Bank 2006,SW2,Colonizable Substrate,18.8,RECONSTRUCTED MAJOR CATEGORY FROM APPENDIX SUBCATEGORIES,percent_cover,cover,functional_group
2006,WFGB,study_site,RT,Appendix 1 Random Transect Data 2004-2008.xls,excel_appendix,West Bank 2006,SW2,Coral,64.4,RECONSTRUCTED MAJOR CATEGORY FROM APPENDIX SUBCATEGORIES,percent_cover,cover,functional_group
2006,WFGB,study_site,RT,Appendix 1 Random Transect Data 2004-2008.xls,excel_appendix,West Bank 2006,SW2,Hydrocoral,0.6,RECONSTRUCTED MAJOR CATEGORY FROM APPENDIX SUBCATEGORIES,percent_cover,cover,functional_group
2006,WFGB,study_site,RT,Appendix 1 Random Transect Data 2004-2008.xls,excel_appendix,West Bank 2006,SW2,Macroalgae,10.4,RECONSTRUCTED MAJOR CATEGORY FROM APPENDIX SUBCATEGORIES,percent_cover,cover,functional_group
2006,WFGB,study_site,RT,Appendix 1 Random Transect Data 2004-2008.xls,excel_appendix,West Bank 2006,SW2,Other,0.0,RECONSTRUCTED MAJOR CATEGORY FROM APPENDIX SUBCATEGORIES,percent_cover,cover,functional_group
2006,WFGB,study_site,RT,Appendix 1 Random Transect Data 2004-2008.xls,excel_appendix,West Bank 2006,SW2,Sand,0.0,RECONSTRUCTED MAJOR CATEGORY FROM APPENDIX SUBCATEGORIES,percent_cover,cover,functional_group
2006,WFGB,study_site,RT,Appendix 1 Random Transect Data 2004-2008.xls,excel_appendix,West Bank 2006,SW2,Sponge,0.6,RECONSTRUCTED MAJOR CATEGORY FROM APPENDIX SUBCATEGORIES,percent_cover,cover,functional_group
2006,WFGB,study_site,RT,Appendix 1 Random Transect Data 2004-2008.xls,excel_appendix,West Bank 2006,SW3,CCA,3.0,RECONSTRUCTED MAJOR CATEGORY FROM APPENDIX SUBCATEGORIES,percent_cover,cover,functional_group
2006,WFGB,study_site,RT,Appendix 1 Random Transect Data 2004-2008.xls,excel_appendix,West Bank 2006,SW3,Colonizable Substrate,34.8,RECONSTRUCTED MAJOR CATEGORY FROM APPENDIX SUBCATEGORIES,percent_cover,cover,functional_group
2006,WFGB,study_site,RT,Appendix 1 Random Transect Data 2004-2008.xls,excel_appendix,West Bank 2006,SW3,Coral,41.0,RECONSTRUCTED MAJOR CATEGORY FROM APPENDIX SUBCATEGORIES,percent_cover,cover,functional_group
2006,WFGB,study_site,RT,Appendix 1 Random Transect Data 2004-2008.xls,excel_appendix,West Bank 2006,SW3,Hydrocoral,2.6,RECONSTRUCTED MAJOR CATEGORY FROM APPENDIX SUBCATEGORIES,percent_cover,cover,functional_group
2006,WFGB,study_site,RT,Appendix 1 Random Transect Data 2004-2008.xls,excel_appendix,West Bank 2006,SW3,Macroalgae,12.8,RECONSTRUCTED MAJOR CATEGORY FROM APPENDIX SUBCATEGORIES,percent_cover,cover,functional_group
2006,WFGB,study_site,RT,Appendix 1 Random Transect Data 2004-2008.xls,excel_appendix,West Bank 2006,SW3,Other,0.6000000000000001,RECONSTRUCTED MAJOR CATEGORY FROM APPENDIX SUBCATEGORIES,percent_cover,cover,functional_group
2006,WFGB,study_site,RT,Appendix 1 Random Transect Data 2004-2008.xls,excel_appendix,West Bank 2006,SW3,Sand,2.2,RECONSTRUCTED MAJOR CATEGORY FROM APPENDIX SUBCATEGORIES,percent_cover,cover,functional_group
2006,WFGB,study_site,RT,Appendix 1 Random Transect Data 2004-2008.xls,excel_appendix,West Bank 2006,SW3,Sponge,0.2,RECONSTRUCTED MAJOR CATEGORY FROM APPENDIX SUBCATEGORIES,percent_cover,cover,functional_group
2006,WFGB,study_site,RT,Appendix 1 Random Transect Data 2004-2008.xls,excel_appendix,West Bank 2006,SW4,CCA,3.8,RECONSTRUCTED MAJOR CATEGORY FROM APPENDIX SUBCATEGORIES,percent_cover,cover,functional_group
2006,WFGB,study_site,RT,Appendix 1 Random Transect Data 2004-2008.xls,excel_appendix,West Bank 2006,SW4,Colonizable Substrate,27.8,RECONSTRUCTED MAJOR CATEGORY FROM APPENDIX SUBCATEGORIES,percent_cover,cover,functional_group
2006,WFGB,study_site,RT,Appendix 1 Random Transect Data 2004-2008.xls,excel_appendix,West Bank 2006,SW4,Coral,38.599999999999994,RECONSTRUCTED MAJOR CATEGORY FROM APPENDIX SUBCATEGORIES,percent_cover,cover,functional_group
2006,WFGB,study_site,RT,Appendix 1 Random Transect Data 2004-2008.xls,excel_appendix,West Bank 2006,SW4,Hydrocoral,1.8,RECONSTRUCTED MAJOR CATEGORY FROM APPENDIX SUBCATEGORIES,percent_cover,cover,functional_group
2006,WFGB,study_site,RT,Appendix 1 Random Transect Data 2004-2008.xls,excel_appendix,West Bank 2006,SW4,Macroalgae,20.8,RECONSTRUCTED MAJOR CATEGORY FROM APPENDIX SUBCATEGORIES,percent_cover,cover,functional_group
2006,WFGB,study_site,RT,Appendix 1 Random Transect Data 2004-2008.xls,excel_appendix,West Bank 2006,SW4,Other,0.0,RECONSTRUCTED MAJOR CATEGORY FROM APPENDIX SUBCATEGORIES,percent_cover,cover,functional_group
2006,WFGB,study_site,RT,Appendix 1 Random Transect Data 2004-2008.xls,excel_appendix,West Bank 2006,SW4,Sand,2.2,RECONSTRUCTED MAJOR CATEGORY FROM APPENDIX SUBCATEGORIES,percent_cover,cover,functional_group
2006,WFGB,study_site,RT,Appendix 1 Random Transect Data 2004-2008.xls,excel_appendix,West Bank 2006,SW4,Sponge,1.6,RECONSTRUCTED MAJOR CATEGORY FROM APPENDIX SUBCATEGORIES,percent_cover,cover,functional_group
2007,EFGB,study_site,RT,Appendix 1 Random Transect Data 2004-2008.xls,excel_appendix,East Bank 2007,NE1,CCA,0.4048582995951417,RECONSTRUCTED MAJOR CATEGORY FROM APPENDIX SUBCATEGORIES,percent_cover,cover,functional_group
2007,EFGB,study_site,RT,Appendix 1 Random Transect Data 2004-2008.xls,excel_appendix,East Bank 2007,NE1,Colonizable Substrate,26.31578947368421,RECONSTRUCTED MAJOR CATEGORY FROM APPENDIX SUBCATEGORIES,percent_cover,cover,functional_group
2007,EFGB,study_site,RT,Appendix 1 Random Transect Data 2004-2008.xls,excel_appendix,East Bank 2007,NE1,Coral,42.10526315789473,RECONSTRUCTED MAJOR CATEGORY FROM APPENDIX SUBCATEGORIES,percent_cover,cover,functional_group
2007,EFGB,study_site,RT,Appendix 1 Random Transect Data 2004-2008.xls,excel_appendix,East Bank 2007,NE1,Hydrocoral,0.0,RECONSTRUCTED MAJOR CATEGORY FROM APPENDIX SUBCATEGORIES,percent_cover,cover,functional_group
2007,EFGB,study_site,RT,Appendix 1 Random Transect Data 2004-2008.xls,excel_appendix,East Bank 2007,NE1,Macroalgae,30.76923076923077,RECONSTRUCTED MAJOR CATEGORY FROM APPENDIX SUBCATEGORIES,percent_cover,cover,functional_group
2007,EFGB,study_site,RT,Appendix 1 Random Transect Data 2004-2008.xls,excel_appendix,East Bank 2007,NE1,Other,0.0,RECONSTRUCTED MAJOR CATEGORY FROM APPENDIX SUBCATEGORIES,percent_cover,cover,functional_group
2007,EFGB,study_site,RT,Appendix 1 Random Transect Data 2004-2008.xls,excel_appendix,East Bank 2007,NE1,Sand,0.20242914979757085,RECONSTRUCTED MAJOR CATEGORY FROM APPENDIX SUBCATEGORIES,percent_cover,cover,functional_group
2007,EFGB,study_site,RT,Appendix 1 Random Transect Data 2004-2008.xls,excel_appendix,East Bank 2007,NE1,Sponge,0.20242914979757085,RECONSTRUCTED MAJOR CATEGORY FROM APPENDIX SUBCATEGORIES,percent_cover,cover,functional_group
2007,EFGB,study_site,RT,Appendix 1 Random Transect Data 2004-2008.xls,excel_appendix,East Bank 2007,NE2,CCA,0.0,RECONSTRUCTED MAJOR CATEGORY FROM APPENDIX SUBCATEGORIES,percent_cover,cover,functional_group
2007,EFGB,study_site,RT,Appendix 1 Random Transect Data 2004-2008.xls,excel_appendix,East Bank 2007,NE2,Colonizable Substrate,13.426853707414828,RECONSTRUCTED MAJOR CATEGORY FROM APPENDIX SUBCATEGORIES,percent_cover,cover,functional_group
2007,EFGB,study_site,RT,Appendix 1 Random Transect Data 2004-2008.xls,excel_appendix,East Bank 2007,NE2,Coral,73.74749498997996,RECONSTRUCTED MAJOR CATEGORY FROM APPENDIX SUBCATEGORIES,percent_cover,cover,functional_group
2007,EFGB,study_site,RT,Appendix 1 Random Transect Data 2004-2008.xls,excel_appendix,East Bank 2007,NE2,Hydrocoral,0.0,RECONSTRUCTED MAJOR CATEGORY FROM APPENDIX SUBCATEGORIES,percent_cover,cover,functional_group
2007,EFGB,study_site,RT,Appendix 1 Random Transect Data 2004-2008.xls,excel_appendix,East Bank 2007,NE2,Macroalgae,11.22244488977956,RECONSTRUCTED MAJOR CATEGORY FROM APPENDIX SUBCATEGORIES,percent_cover,cover,functional_group
2007,EFGB,study_site,RT,Appendix 1 Random Transect Data 2004-2008.xls,excel_appendix,East Bank 2007,NE2,Other,1.002004008016032,RECONSTRUCTED MAJOR CATEGORY FROM APPENDIX SUBCATEGORIES,percent_cover,cover,functional_group
2007,EFGB,study_site,RT,Appendix 1 Random Transect Data 2004-2008.xls,excel_appendix,East Bank 2007,NE2,Sand,0.4008016032064128,RECONSTRUCTED MAJOR CATEGORY FROM APPENDIX SUBCATEGORIES,percent_cover,cover,functional_group
2007,EFGB,study_site,RT,Appendix 1 Random Transect Data 2004-2008.xls,excel_appendix,East Bank 2007,NE2,Sponge,0.0,RECONSTRUCTED MAJOR CATEGORY FROM APPENDIX SUBCATEGORIES,percent_cover,cover,functional_group
2007,EFGB,study_site,RT,Appendix 1 Random Transect Data 2004-2008.xls,excel_appendix,East Bank 2007,NE3,CCA,1.0266940451745379,RECONSTRUCTED MAJOR CATEGORY FROM APPENDIX SUBCATEGORIES,percent_cover,cover,functional_group
2007,EFGB,study_site,RT,Appendix 1 Random Transect Data 2004-2008.xls,excel_appendix,East Bank 2007,NE3,Colonizable Substrate,24.435318275154007,RECONSTRUCTED MAJOR CATEGORY FROM APPENDIX SUBCATEGORIES,percent_cover,cover,functional_group
2007,EFGB,study_site,RT,Appendix 1 Random Transect Data 2004-2008.xls,excel_appendix,East Bank 2007,NE3,Coral,56.05749486652978,RECONSTRUCTED MAJOR CATEGORY FROM APPENDIX SUBCATEGORIES,percent_cover,cover,functional_group
2007,EFGB,study_site,RT,Appendix 1 Random Transect Data 2004-2008.xls,excel_appendix,East Bank 2007,NE3,Hydrocoral,1.0266940451745379,RECONSTRUCTED MAJOR CATEGORY FROM APPENDIX SUBCATEGORIES,percent_cover,cover,functional_group
2007,EFGB,study_site,RT,Appendix 1 Random Transect Data 2004-2008.xls,excel_appendix,East Bank 2007,NE3,Macroalgae,16.837782340862425,RECONSTRUCTED MAJOR CATEGORY FROM APPENDIX SUBCATEGORIES,percent_cover,cover,functional_group
2007,EFGB,study_site,RT,Appendix 1 Random Transect Data 2004-2008.xls,excel_appendix,East Bank 2007,NE3,Other,0.41067761806981523,RECONSTRUCTED MAJOR CATEGORY FROM APPENDIX SUBCATEGORIES,percent_cover,cover,functional_group
2007,EFGB,study_site,RT,Appendix 1 Random Transect Data 2004-2008.xls,excel_appendix,East Bank 2007,NE3,Sand,0.0,RECONSTRUCTED MAJOR CATEGORY FROM APPENDIX SUBCATEGORIES,percent_cover,cover,functional_group
2007,EFGB,study_site,RT,Appendix 1 Random Transect Data 2004-2008.xls,excel_appendix,East Bank 2007,NE3,Sponge,0.0,RECONSTRUCTED MAJOR CATEGORY FROM APPENDIX SUBCATEGORIES,percent_cover,cover,functional_group
2007,EFGB,study_site,RT,Appendix 1 Random Transect Data 2004-2008.xls,excel_appendix,East Bank 2007,NE4,CCA,2.231237322515213,RECONSTRUCTED MAJOR CATEGORY FROM APPENDIX SUBCATEGORIES,percent_cover,cover,functional_group
2007,EFGB,study_site,RT,Appendix 1 Random Transect Data 2004-2008.xls,excel_appendix,East Bank 2007,NE4,Colonizable Substrate,14.60446247464503,RECONSTRUCTED MAJOR CATEGORY FROM APPENDIX SUBCATEGORIES,percent_cover,cover,functional_group
2007,EFGB,study_site,RT,Appendix 1 Random Transect Data 2004-2008.xls,excel_appendix,East Bank 2007,NE4,Coral,69.1683569979716,RECONSTRUCTED MAJOR CATEGORY FROM APPENDIX SUBCATEGORIES,percent_cover,cover,functional_group
2007,EFGB,study_site,RT,Appendix 1 Random Transect Data 2004-2008.xls,excel_appendix,East Bank 2007,NE4,Hydrocoral,0.0,RECONSTRUCTED MAJOR CATEGORY FROM APPENDIX SUBCATEGORIES,percent_cover,cover,functional_group
2007,EFGB,study_site,RT,Appendix 1 Random Transect Data 2004-2008.xls,excel_appendix,East Bank 2007,NE4,Macroalgae,13.184584178498985,RECONSTRUCTED MAJOR CATEGORY FROM APPENDIX SUBCATEGORIES,percent_cover,cover,functional_group
2007,EFGB,study_site,RT,Appendix 1 Random Transect Data 2004-2008.xls,excel_appendix,East Bank 2007,NE4,Other,0.6085192697768762,RECONSTRUCTED MAJOR CATEGORY FROM APPENDIX SUBCATEGORIES,percent_cover,cover,functional_group
2007,EFGB,study_site,RT,Appendix 1 Random Transect Data 2004-2008.xls,excel_appendix,East Bank 2007,NE4,Sand,0.2028397565922921,RECONSTRUCTED MAJOR CATEGORY FROM APPENDIX SUBCATEGORIES,percent_cover,cover,functional_group
2007,EFGB,study_site,RT,Appendix 1 Random Transect Data 2004-2008.xls,excel_appendix,East Bank 2007,NE4,Sponge,0.0,RECONSTRUCTED MAJOR CATEGORY FROM APPENDIX SUBCATEGORIES,percent_cover,cover,functional_group
2007,EFGB,study_site,RT,Appendix 1 Random Transect Data 2004-2008.xls,excel_appendix,East Bank 2007,NW1,CCA,0.6060606060606061,RECONSTRUCTED MAJOR CATEGORY FROM APPENDIX SUBCATEGORIES,percent_cover,cover,functional_group
2007,EFGB,study_site,RT,Appendix 1 Random Transect Data 2004-2008.xls,excel_appendix,East Bank 2007,NW1,Colonizable Substrate,16.565656565656568,RECONSTRUCTED MAJOR CATEGORY FROM APPENDIX SUBCATEGORIES,percent_cover,cover,functional_group
2007,EFGB,study_site,RT,Appendix 1 Random Transect Data 2004-2008.xls,excel_appendix,East Bank 2007,NW1,Coral,71.71717171717171,RECONSTRUCTED MAJOR CATEGORY FROM APPENDIX SUBCATEGORIES,percent_cover,cover,functional_group
2007,EFGB,study_site,RT,Appendix 1 Random Transect Data 2004-2008.xls,excel_appendix,East Bank 2007,NW1,Hydrocoral,0.0,RECONSTRUCTED MAJOR CATEGORY FROM APPENDIX SUBCATEGORIES,percent_cover,cover,functional_group
2007,EFGB,study_site,RT,Appendix 1 Random Transect Data 2004-2008.xls,excel_appendix,East Bank 2007,NW1,Macroalgae,10.909090909090908,RECONSTRUCTED MAJOR CATEGORY FROM APPENDIX SUBCATEGORIES,percent_cover,cover,functional_group
2007,EFGB,study_site,RT,Appendix 1 Random Transect Data 2004-2008.xls,excel_appendix,East Bank 2007,NW1,Other,0.0,RECONSTRUCTED MAJOR CATEGORY FROM APPENDIX SUBCATEGORIES,percent_cover,cover,functional_group
2007,EFGB,study_site,RT,Appendix 1 Random Transect Data 2004-2008.xls,excel_appendix,East Bank 2007,NW1,Sand,0.0,RECONSTRUCTED MAJOR CATEGORY FROM APPENDIX SUBCATEGORIES,percent_cover,cover,functional_group
2007,EFGB,study_site,RT,Appendix 1 Random Transect Data 2004-2008.xls,excel_appendix,East Bank 2007,NW1,Sponge,0.0,RECONSTRUCTED MAJOR CATEGORY FROM APPENDIX SUBCATEGORIES,percent_cover,cover,functional_group
2007,EFGB,study_site,RT,Appendix 1 Random Transect Data 2004-2008.xls,excel_appendix,East Bank 2007,NW2,CCA,0.0,RECONSTRUCTED MAJOR CATEGORY FROM APPENDIX SUBCATEGORIES,percent_cover,cover,functional_group
2007,EFGB,study_site,RT,Appendix 1 Random Transect Data 2004-2008.xls,excel_appendix,East Bank 2007,NW2,Colonizable Substrate,19.832985386221296,RECONSTRUCTED MAJOR CATEGORY FROM APPENDIX SUBCATEGORIES,percent_cover,cover,functional_group
2007,EFGB,study_site,RT,Appendix 1 Random Transect Data 2004-2008.xls,excel_appendix,East Bank 2007,NW2,Coral,57.82881002087683,RECONSTRUCTED MAJOR CATEGORY FROM APPENDIX SUBCATEGORIES,percent_cover,cover,functional_group
2007,EFGB,study_site,RT,Appendix 1 Random Transect Data 2004-2008.xls,excel_appendix,East Bank 2007,NW2,Hydrocoral,0.0,RECONSTRUCTED MAJOR CATEGORY FROM APPENDIX SUBCATEGORIES,percent_cover,cover,functional_group
2007,EFGB,study_site,RT,Appendix 1 Random Transect Data 2004-2008.xls,excel_appendix,East Bank 2007,NW2,Macroalgae,19.20668058455115,RECONSTRUCTED MAJOR CATEGORY FROM APPENDIX SUBCATEGORIES,percent_cover,cover,functional_group
2007,EFGB,study_site,RT,Appendix 1 Random Transect Data 2004-2008.xls,excel_appendix,East Bank 2007,NW2,Other,1.04384133611691,RECONSTRUCTED MAJOR CATEGORY FROM APPENDIX SUBCATEGORIES,percent_cover,cover,functional_group
2007,EFGB,study_site,RT,Appendix 1 Random Transect Data 2004-2008.xls,excel_appendix,East Bank 2007,NW2,Sand,0.0,RECONSTRUCTED MAJOR CATEGORY FROM APPENDIX SUBCATEGORIES,percent_cover,cover,functional_group
2007,EFGB,study_site,RT,Appendix 1 Random Transect Data 2004-2008.xls,excel_appendix,East Bank 2007,NW2,Sponge,2.08768267223382,RECONSTRUCTED MAJOR CATEGORY FROM APPENDIX SUBCATEGORIES,percent_cover,cover,functional_group
2007,EFGB,study_site,RT,Appendix 1 Random Transect Data 2004-2008.xls,excel_appendix,East Bank 2007,NW3,CCA,0.6109979633401221,RECONSTRUCTED MAJOR CATEGORY FROM APPENDIX SUBCATEGORIES,percent_cover,cover,functional_group
2007,EFGB,study_site,RT,Appendix 1 Random Transect Data 2004-2008.xls,excel_appendix,East Bank 2007,NW3,Colonizable Substrate,37.67820773930754,RECONSTRUCTED MAJOR CATEGORY FROM APPENDIX SUBCATEGORIES,percent_cover,cover,functional_group
2007,EFGB,study_site,RT,Appendix 1 Random Transect Data 2004-2008.xls,excel_appendix,East Bank 2007,NW3,Coral,19.95926680244399,RECONSTRUCTED MAJOR CATEGORY FROM APPENDIX SUBCATEGORIES,percent_cover,cover,functional_group
2007,EFGB,study_site,RT,Appendix 1 Random Transect Data 2004-2008.xls,excel_appendix,East Bank 2007,NW3,Hydrocoral,0.0,RECONSTRUCTED MAJOR CATEGORY FROM APPENDIX SUBCATEGORIES,percent_cover,cover,functional_group
2007,EFGB,study_site,RT,Appendix 1 Random Transect Data 2004-2008.xls,excel_appendix,East Bank 2007,NW3,Macroalgae,32.9938900203666,RECONSTRUCTED MAJOR CATEGORY FROM APPENDIX SUBCATEGORIES,percent_cover,cover,functional_group
2007,EFGB,study_site,RT,Appendix 1 Random Transect Data 2004-2008.xls,excel_appendix,East Bank 2007,NW3,Other,0.6109979633401221,RECONSTRUCTED MAJOR CATEGORY FROM APPENDIX SUBCATEGORIES,percent_cover,cover,functional_group
2007,EFGB,study_site,RT,Appendix 1 Random Transect Data 2004-2008.xls,excel_appendix,East Bank 2007,NW3,Sand,5.4989816700611,RECONSTRUCTED MAJOR CATEGORY FROM APPENDIX SUBCATEGORIES,percent_cover,cover,functional_group
2007,EFGB,study_site,RT,Appendix 1 Random Transect Data 2004-2008.xls,excel_appendix,East Bank 2007,NW3,Sponge,2.6476578411405294,RECONSTRUCTED MAJOR CATEGORY FROM APPENDIX SUBCATEGORIES,percent_cover,cover,functional_group
2007,EFGB,study_site,RT,Appendix 1 Random Transect Data 2004-2008.xls,excel_appendix,East Bank 2007,NW4,CCA,0.2061855670103093,RECONSTRUCTED MAJOR CATEGORY FROM APPENDIX SUBCATEGORIES,percent_cover,cover,functional_group
2007,EFGB,study_site,RT,Appendix 1 Random Transect Data 2004-2008.xls,excel_appendix,East Bank 2007,NW4,Colonizable Substrate,25.36082474226804,RECONSTRUCTED MAJOR CATEGORY FROM APPENDIX SUBCATEGORIES,percent_cover,cover,functional_group
2007,EFGB,study_site,RT,Appendix 1 Random Transect Data 2004-2008.xls,excel_appendix,East Bank 2007,NW4,Coral,33.60824742268041,RECONSTRUCTED MAJOR CATEGORY FROM APPENDIX SUBCATEGORIES,percent_cover,cover,functional_group
2007,EFGB,study_site,RT,Appendix 1 Random Transect Data 2004-2008.xls,excel_appendix,East Bank 2007,NW4,Hydrocoral,0.0,RECONSTRUCTED MAJOR CATEGORY FROM APPENDIX SUBCATEGORIES,percent_cover,cover,functional_group
2007,EFGB,study_site,RT,Appendix 1 Random Transect Data 2004-2008.xls,excel_appendix,East Bank 2007,NW4,Macroalgae,36.70103092783505,RECONSTRUCTED MAJOR CATEGORY FROM APPENDIX SUBCATEGORIES,percent_cover,cover,functional_group
2007,EFGB,study_site,RT,Appendix 1 Random Transect Data 2004-2008.xls,excel_appendix,East Bank 2007,NW4,Other,1.443298969072165,RECONSTRUCTED MAJOR CATEGORY FROM APPENDIX SUBCATEGORIES,percent_cover,cover,functional_group
2007,EFGB,study_site,RT,Appendix 1 Random Transect Data 2004-2008.xls,excel_appendix,East Bank 2007,NW4,Sand,0.4123711340206186,RECONSTRUCTED MAJOR CATEGORY FROM APPENDIX SUBCATEGORIES,percent_cover,cover,functional_group
2007,EFGB,study_site,RT,Appendix 1 Random Transect Data 2004-2008.xls,excel_appendix,East Bank 2007,NW4,Sponge,2.061855670103093,RECONSTRUCTED MAJOR CATEGORY FROM APPENDIX SUBCATEGORIES,percent_cover,cover,functional_group
2007,EFGB,study_site,RT,Appendix 1 Random Transect Data 2004-2008.xls,excel_appendix,East Bank 2007,SE1,CCA,2.8629856850715747,RECONSTRUCTED MAJOR CATEGORY FROM APPENDIX SUBCATEGORIES,percent_cover,cover,functional_group
2007,EFGB,study_site,RT,Appendix 1 Random Transect Data 2004-2008.xls,excel_appendix,East Bank 2007,SE1,Colonizable Substrate,30.879345603271986,RECONSTRUCTED MAJOR CATEGORY FROM APPENDIX SUBCATEGORIES,percent_cover,cover,functional_group
2007,EFGB,study_site,RT,Appendix 1 Random Transect Data 2004-2008.xls,excel_appendix,East Bank 2007,SE1,Coral,43.353783231083845,RECONSTRUCTED MAJOR CATEGORY FROM APPENDIX SUBCATEGORIES,percent_cover,cover,functional_group
2007,EFGB,study_site,RT,Appendix 1 Random Transect Data 2004-2008.xls,excel_appendix,East Bank 2007,SE1,Hydrocoral,0.0,RECONSTRUCTED MAJOR CATEGORY FROM APPENDIX SUBCATEGORIES,percent_cover,cover,functional_group
2007,EFGB,study_site,RT,Appendix 1 Random Transect Data 2004-2008.xls,excel_appendix,East Bank 2007,SE1,Macroalgae,21.676891615541923,RECONSTRUCTED MAJOR CATEGORY FROM APPENDIX SUBCATEGORIES,percent_cover,cover,functional_group
2007,EFGB,study_site,RT,Appendix 1 Random Transect Data 2004-2008.xls,excel_appendix,East Bank 2007,SE1,Other,0.0,RECONSTRUCTED MAJOR CATEGORY FROM APPENDIX SUBCATEGORIES,percent_cover,cover,functional_group
2007,EFGB,study_site,RT,Appendix 1 Random Transect Data 2004-2008.xls,excel_appendix,East Bank 2007,SE1,Sand,0.6134969325153374,RECONSTRUCTED MAJOR CATEGORY FROM APPENDIX SUBCATEGORIES,percent_cover,cover,functional_group
2007,EFGB,study_site,RT,Appendix 1 Random Transect Data 2004-2008.xls,excel_appendix,East Bank 2007,SE1,Sponge,0.408997955010225,RECONSTRUCTED MAJOR CATEGORY FROM APPENDIX SUBCATEGORIES,percent_cover,cover,functional_group
2007,EFGB,study_site,RT,Appendix 1 Random Transect Data 2004-2008.xls,excel_appendix,East Bank 2007,SE2,CCA,0.0,RECONSTRUCTED MAJOR CATEGORY FROM APPENDIX SUBCATEGORIES,percent_cover,cover,functional_group
2007,EFGB,study_site,RT,Appendix 1 Random Transect Data 2004-2008.xls,excel_appendix,East Bank 2007,SE2,Colonizable Substrate,41.52892561983471,RECONSTRUCTED MAJOR CATEGORY FROM APPENDIX SUBCATEGORIES,percent_cover,cover,functional_group
2007,EFGB,study_site,RT,Appendix 1 Random Transect Data 2004-2008.xls,excel_appendix,East Bank 2007,SE2,Coral,18.181818181818183,RECONSTRUCTED MAJOR CATEGORY FROM APPENDIX SUBCATEGORIES,percent_cover,cover,functional_group
2007,EFGB,study_site,RT,Appendix 1 Random Transect Data 2004-2008.xls,excel_appendix,East Bank 2007,SE2,Hydrocoral,0.0,RECONSTRUCTED MAJOR CATEGORY FROM APPENDIX SUBCATEGORIES,percent_cover,cover,functional_group
2007,EFGB,study_site,RT,Appendix 1 Random Transect Data 2004-2008.xls,excel_appendix,East Bank 2007,SE2,Macroalgae,38.429752066115704,RECONSTRUCTED MAJOR CATEGORY FROM APPENDIX SUBCATEGORIES,percent_cover,cover,functional_group
2007,EFGB,study_site,RT,Appendix 1 Random Transect Data 2004-2008.xls,excel_appendix,East Bank 2007,SE2,Other,0.4132231404958678,RECONSTRUCTED MAJOR CATEGORY FROM APPENDIX SUBCATEGORIES,percent_cover,cover,functional_group
2007,EFGB,study_site,RT,Appendix 1 Random Transect Data 2004-2008.xls,excel_appendix,East Bank 2007,SE2,Sand,0.8264462809917356,RECONSTRUCTED MAJOR CATEGORY FROM APPENDIX SUBCATEGORIES,percent_cover,cover,functional_group
2007,EFGB,study_site,RT,Appendix 1 Random Transect Data 2004-2008.xls,excel_appendix,East Bank 2007,SE2,Sponge,0.4132231404958678,RECONSTRUCTED MAJOR CATEGORY FROM APPENDIX SUBCATEGORIES,percent_cover,cover,functional_group
2007,EFGB,study_site,RT,Appendix 1 Random Transect Data 2004-2008.xls,excel_appendix,East Bank 2007,SE3,CCA,0.8350730688935281,RECONSTRUCTED MAJOR CATEGORY FROM APPENDIX SUBCATEGORIES,percent_cover,cover,functional_group
2007,EFGB,study_site,RT,Appendix 1 Random Transect Data 2004-2008.xls,excel_appendix,East Bank 2007,SE3,Colonizable Substrate,25.678496868475992,RECONSTRUCTED MAJOR CATEGORY FROM APPENDIX SUBCATEGORIES,percent_cover,cover,functional_group
2007,EFGB,study_site,RT,Appendix 1 Random Transect Data 2004-2008.xls,excel_appendix,East Bank 2007,SE3,Coral,59.707724425887264,RECONSTRUCTED MAJOR CATEGORY FROM APPENDIX SUBCATEGORIES,percent_cover,cover,functional_group
2007,EFGB,study_site,RT,Appendix 1 Random Transect Data 2004-2008.xls,excel_appendix,East Bank 2007,SE3,Hydrocoral,0.0,RECONSTRUCTED MAJOR CATEGORY FROM APPENDIX SUBCATEGORIES,percent_cover,cover,functional_group
2007,EFGB,study_site,RT,Appendix 1 Random Transect Data 2004-2008.xls,excel_appendix,East Bank 2007,SE3,Macroalgae,13.778705636743213,RECONSTRUCTED MAJOR CATEGORY FROM APPENDIX SUBCATEGORIES,percent_cover,cover,functional_group
2007,EFGB,study_site,RT,Appendix 1 Random Transect Data 2004-2008.xls,excel_appendix,East Bank 2007,SE3,Other,0.0,RECONSTRUCTED MAJOR CATEGORY FROM APPENDIX SUBCATEGORIES,percent_cover,cover,functional_group
2007,EFGB,study_site,RT,Appendix 1 Random Transect Data 2004-2008.xls,excel_appendix,East Bank 2007,SE3,Sand,0.0,RECONSTRUCTED MAJOR CATEGORY FROM APPENDIX SUBCATEGORIES,percent_cover,cover,functional_group
2007,EFGB,study_site,RT,Appendix 1 Random Transect Data 2004-2008.xls,excel_appendix,East Bank 2007,SE3,Sponge,0.0,RECONSTRUCTED MAJOR CATEGORY FROM APPENDIX SUBCATEGORIES,percent_cover,cover,functional_group
2007,EFGB,study_site,RT,Appendix 1 Random Transect Data 2004-2008.xls,excel_appendix,East Bank 2007,SE4,CCA,0.6382978723404255,RECONSTRUCTED MAJOR CATEGORY FROM APPENDIX SUBCATEGORIES,percent_cover,cover,functional_group
2007,EFGB,study_site,RT,Appendix 1 Random Transect Data 2004-2008.xls,excel_appendix,East Bank 2007,SE4,Colonizable Substrate,20.425531914893615,RECONSTRUCTED MAJOR CATEGORY FROM APPENDIX SUBCATEGORIES,percent_cover,cover,functional_group
2007,EFGB,study_site,RT,Appendix 1 Random Transect Data 2004-2008.xls,excel_appendix,East Bank 2007,SE4,Coral,59.78723404255319,RECONSTRUCTED MAJOR CATEGORY FROM APPENDIX SUBCATEGORIES,percent_cover,cover,functional_group
2007,EFGB,study_site,RT,Appendix 1 Random Transect Data 2004-2008.xls,excel_appendix,East Bank 2007,SE4,Hydrocoral,0.0,RECONSTRUCTED MAJOR CATEGORY FROM APPENDIX SUBCATEGORIES,percent_cover,cover,functional_group
2007,EFGB,study_site,RT,Appendix 1 Random Transect Data 2004-2008.xls,excel_appendix,East Bank 2007,SE4,Macroalgae,18.51063829787234,RECONSTRUCTED MAJOR CATEGORY FROM APPENDIX SUBCATEGORIES,percent_cover,cover,functional_group
2007,EFGB,study_site,RT,Appendix 1 Random Transect Data 2004-2008.xls,excel_appendix,East Bank 2007,SE4,Other,0.6382978723404255,RECONSTRUCTED MAJOR CATEGORY FROM APPENDIX SUBCATEGORIES,percent_cover,cover,functional_group
2007,EFGB,study_site,RT,Appendix 1 Random Transect Data 2004-2008.xls,excel_appendix,East Bank 2007,SE4,Sand,0.0,RECONSTRUCTED MAJOR CATEGORY FROM APPENDIX SUBCATEGORIES,percent_cover,cover,functional_group
2007,EFGB,study_site,RT,Appendix 1 Random Transect Data 2004-2008.xls,excel_appendix,East Bank 2007,SE4,Sponge,0.0,RECONSTRUCTED MAJOR CATEGORY FROM APPENDIX SUBCATEGORIES,percent_cover,cover,functional_group
2007,EFGB,study_site,RT,Appendix 1 Random Transect Data 2004-2008.xls,excel_appendix,East Bank 2007,SW1,CCA,2.4242424242424243,RECONSTRUCTED MAJOR CATEGORY FROM APPENDIX SUBCATEGORIES,percent_cover,cover,functional_group
2007,EFGB,study_site,RT,Appendix 1 Random Transect Data 2004-2008.xls,excel_appendix,East Bank 2007,SW1,Colonizable Substrate,11.11111111111111,RECONSTRUCTED MAJOR CATEGORY FROM APPENDIX SUBCATEGORIES,percent_cover,cover,functional_group
2007,EFGB,study_site,RT,Appendix 1 Random Transect Data 2004-2008.xls,excel_appendix,East Bank 2007,SW1,Coral,71.31313131313131,RECONSTRUCTED MAJOR CATEGORY FROM APPENDIX SUBCATEGORIES,percent_cover,cover,functional_group
2007,EFGB,study_site,RT,Appendix 1 Random Transect Data 2004-2008.xls,excel_appendix,East Bank 2007,SW1,Hydrocoral,0.20202020202020202,RECONSTRUCTED MAJOR CATEGORY FROM APPENDIX SUBCATEGORIES,percent_cover,cover,functional_group
2007,EFGB,study_site,RT,Appendix 1 Random Transect Data 2004-2008.xls,excel_appendix,East Bank 2007,SW1,Macroalgae,14.141414141414142,RECONSTRUCTED MAJOR CATEGORY FROM APPENDIX SUBCATEGORIES,percent_cover,cover,functional_group
2007,EFGB,study_site,RT,Appendix 1 Random Transect Data 2004-2008.xls,excel_appendix,East Bank 2007,SW1,Other,0.0,RECONSTRUCTED MAJOR CATEGORY FROM APPENDIX SUBCATEGORIES,percent_cover,cover,functional_group
2007,EFGB,study_site,RT,Appendix 1 Random Transect Data 2004-2008.xls,excel_appendix,East Bank 2007,SW1,Sand,0.0,RECONSTRUCTED MAJOR CATEGORY FROM APPENDIX SUBCATEGORIES,percent_cover,cover,functional_group
2007,EFGB,study_site,RT,Appendix 1 Random Transect Data 2004-2008.xls,excel_appendix,East Bank 2007,SW1,Sponge,0.8080808080808081,RECONSTRUCTED MAJOR CATEGORY FROM APPENDIX SUBCATEGORIES,percent_cover,cover,functional_group
2007,EFGB,study_site,RT,Appendix 1 Random Transect Data 2004-2008.xls,excel_appendix,East Bank 2007,SW2,CCA,1.639344262295082,RECONSTRUCTED MAJOR CATEGORY FROM APPENDIX SUBCATEGORIES,percent_cover,cover,functional_group
2007,EFGB,study_site,RT,Appendix 1 Random Transect Data 2004-2008.xls,excel_appendix,East Bank 2007,SW2,Colonizable Substrate,19.672131147540984,RECONSTRUCTED MAJOR CATEGORY FROM APPENDIX SUBCATEGORIES,percent_cover,cover,functional_group
2007,EFGB,study_site,RT,Appendix 1 Random Transect Data 2004-2008.xls,excel_appendix,East Bank 2007,SW2,Coral,50.20491803278688,RECONSTRUCTED MAJOR CATEGORY FROM APPENDIX SUBCATEGORIES,percent_cover,cover,functional_group
2007,EFGB,study_site,RT,Appendix 1 Random Transect Data 2004-2008.xls,excel_appendix,East Bank 2007,SW2,Hydrocoral,0.0,RECONSTRUCTED MAJOR CATEGORY FROM APPENDIX SUBCATEGORIES,percent_cover,cover,functional_group
2007,EFGB,study_site,RT,Appendix 1 Random Transect Data 2004-2008.xls,excel_appendix,East Bank 2007,SW2,Macroalgae,28.278688524590162,RECONSTRUCTED MAJOR CATEGORY FROM APPENDIX SUBCATEGORIES,percent_cover,cover,functional_group
2007,EFGB,study_site,RT,Appendix 1 Random Transect Data 2004-2008.xls,excel_appendix,East Bank 2007,SW2,Other,0.0,RECONSTRUCTED MAJOR CATEGORY FROM APPENDIX SUBCATEGORIES,percent_cover,cover,functional_group
2007,EFGB,study_site,RT,Appendix 1 Random Transect Data 2004-2008.xls,excel_appendix,East Bank 2007,SW2,Sand,0.0,RECONSTRUCTED MAJOR CATEGORY FROM APPENDIX SUBCATEGORIES,percent_cover,cover,functional_group
2007,EFGB,study_site,RT,Appendix 1 Random Transect Data 2004-2008.xls,excel_appendix,East Bank 2007,SW2,Sponge,0.20491803278688525,RECONSTRUCTED MAJOR CATEGORY FROM APPENDIX SUBCATEGORIES,percent_cover,cover,functional_group
2007,EFGB,study_site,RT,Appendix 1 Random Transect Data 2004-2008.xls,excel_appendix,East Bank 2007,SW3,CCA,2.42914979757085,RECONSTRUCTED MAJOR CATEGORY FROM APPENDIX SUBCATEGORIES,percent_cover,cover,functional_group
2007,EFGB,study_site,RT,Appendix 1 Random Transect Data 2004-2008.xls,excel_appendix,East Bank 2007,SW3,Colonizable Substrate,15.587044534412955,RECONSTRUCTED MAJOR CATEGORY FROM APPENDIX SUBCATEGORIES,percent_cover,cover,functional_group
2007,EFGB,study_site,RT,Appendix 1 Random Transect Data 2004-2008.xls,excel_appendix,East Bank 2007,SW3,Coral,64.37246963562752,RECONSTRUCTED MAJOR CATEGORY FROM APPENDIX SUBCATEGORIES,percent_cover,cover,functional_group
2007,EFGB,study_site,RT,Appendix 1 Random Transect Data 2004-2008.xls,excel_appendix,East Bank 2007,SW3,Hydrocoral,0.0,RECONSTRUCTED MAJOR CATEGORY FROM APPENDIX SUBCATEGORIES,percent_cover,cover,functional_group
2007,EFGB,study_site,RT,Appendix 1 Random Transect Data 2004-2008.xls,excel_appendix,East Bank 2007,SW3,Macroalgae,17.00404858299595,RECONSTRUCTED MAJOR CATEGORY FROM APPENDIX SUBCATEGORIES,percent_cover,cover,functional_group
2007,EFGB,study_site,RT,Appendix 1 Random Transect Data 2004-2008.xls,excel_appendix,East Bank 2007,SW3,Other,0.0,RECONSTRUCTED MAJOR CATEGORY FROM APPENDIX SUBCATEGORIES,percent_cover,cover,functional_group
2007,EFGB,study_site,RT,Appendix 1 Random Transect Data 2004-2008.xls,excel_appendix,East Bank 2007,SW3,Sand,0.6072874493927125,RECONSTRUCTED MAJOR CATEGORY FROM APPENDIX SUBCATEGORIES,percent_cover,cover,functional_group
2007,EFGB,study_site,RT,Appendix 1 Random Transect Data 2004-2008.xls,excel_appendix,East Bank 2007,SW3,Sponge,0.0,RECONSTRUCTED MAJOR CATEGORY FROM APPENDIX SUBCATEGORIES,percent_cover,cover,functional_group
2007,EFGB,study_site,RT,Appendix 1 Random Transect Data 2004-2008.xls,excel_appendix,East Bank 2007,SW4,CCA,2.0876826722338206,RECONSTRUCTED MAJOR CATEGORY FROM APPENDIX SUBCATEGORIES,percent_cover,cover,functional_group
2007,EFGB,study_site,RT,Appendix 1 Random Transect Data 2004-2008.xls,excel_appendix,East Bank 2007,SW4,Colonizable Substrate,32.77661795407098,RECONSTRUCTED MAJOR CATEGORY FROM APPENDIX SUBCATEGORIES,percent_cover,cover,functional_group
2007,EFGB,study_site,RT,Appendix 1 Random Transect Data 2004-2008.xls,excel_appendix,East Bank 2007,SW4,Coral,37.36951983298539,RECONSTRUCTED MAJOR CATEGORY FROM APPENDIX SUBCATEGORIES,percent_cover,cover,functional_group
2007,EFGB,study_site,RT,Appendix 1 Random Transect Data 2004-2008.xls,excel_appendix,East Bank 2007,SW4,Hydrocoral,0.0,RECONSTRUCTED MAJOR CATEGORY FROM APPENDIX SUBCATEGORIES,percent_cover,cover,functional_group
2007,EFGB,study_site,RT,Appendix 1 Random Transect Data 2004-2008.xls,excel_appendix,East Bank 2007,SW4,Macroalgae,24.4258872651357,RECONSTRUCTED MAJOR CATEGORY FROM APPENDIX SUBCATEGORIES,percent_cover,cover,functional_group
2007,EFGB,study_site,RT,Appendix 1 Random Transect Data 2004-2008.xls,excel_appendix,East Bank 2007,SW4,Other,0.0,RECONSTRUCTED MAJOR CATEGORY FROM APPENDIX SUBCATEGORIES,percent_cover,cover,functional_group
2007,EFGB,study_site,RT,Appendix 1 Random Transect Data 2004-2008.xls,excel_appendix,East Bank 2007,SW4,Sand,3.1315240083507305,RECONSTRUCTED MAJOR CATEGORY FROM APPENDIX SUBCATEGORIES,percent_cover,cover,functional_group
2007,EFGB,study_site,RT,Appendix 1 Random Transect Data 2004-2008.xls,excel_appendix,East Bank 2007,SW4,Sponge,0.20876826722338201,RECONSTRUCTED MAJOR CATEGORY FROM APPENDIX SUBCATEGORIES,percent_cover,cover,functional_group
2007,WFGB,study_site,RT,Appendix 1 Random Transect Data 2004-2008.xls,excel_appendix,West Bank 2007,NE1,CCA,2.320675105485232,RECONSTRUCTED MAJOR CATEGORY FROM APPENDIX SUBCATEGORIES,percent_cover,cover,functional_group
2007,WFGB,study_site,RT,Appendix 1 Random Transect Data 2004-2008.xls,excel_appendix,West Bank 2007,NE1,Colonizable Substrate,13.291139240506327,RECONSTRUCTED MAJOR CATEGORY FROM APPENDIX SUBCATEGORIES,percent_cover,cover,functional_group
2007,WFGB,study_site,RT,Appendix 1 Random Transect Data 2004-2008.xls,excel_appendix,West Bank 2007,NE1,Coral,69.40928270042194,RECONSTRUCTED MAJOR CATEGORY FROM APPENDIX SUBCATEGORIES,percent_cover,cover,functional_group
2007,WFGB,study_site,RT,Appendix 1 Random Transect Data 2004-2008.xls,excel_appendix,West Bank 2007,NE1,Hydrocoral,0.0,RECONSTRUCTED MAJOR CATEGORY FROM APPENDIX SUBCATEGORIES,percent_cover,cover,functional_group
2007,WFGB,study_site,RT,Appendix 1 Random Transect Data 2004-2008.xls,excel_appendix,West Bank 2007,NE1,Macroalgae,14.767932489451477,RECONSTRUCTED MAJOR CATEGORY FROM APPENDIX SUBCATEGORIES,percent_cover,cover,functional_group
2007,WFGB,study_site,RT,Appendix 1 Random Transect Data 2004-2008.xls,excel_appendix,West Bank 2007,NE1,Other,0.0,RECONSTRUCTED MAJOR CATEGORY FROM APPENDIX SUBCATEGORIES,percent_cover,cover,functional_group
2007,WFGB,study_site,RT,Appendix 1 Random Transect Data 2004-2008.xls,excel_appendix,West Bank 2007,NE1,Sand,0.0,RECONSTRUCTED MAJOR CATEGORY FROM APPENDIX SUBCATEGORIES,percent_cover,cover,functional_group
2007,WFGB,study_site,RT,Appendix 1 Random Transect Data 2004-2008.xls,excel_appendix,West Bank 2007,NE1,Sponge,0.0,RECONSTRUCTED MAJOR CATEGORY FROM APPENDIX SUBCATEGORIES,percent_cover,cover,functional_group
2007,WFGB,study_site,RT,Appendix 1 Random Transect Data 2004-2008.xls,excel_appendix,West Bank 2007,NE2,CCA,2.857142857142857,RECONSTRUCTED MAJOR CATEGORY FROM APPENDIX SUBCATEGORIES,percent_cover,cover,functional_group
2007,WFGB,study_site,RT,Appendix 1 Random Transect Data 2004-2008.xls,excel_appendix,West Bank 2007,NE2,Colonizable Substrate,22.857142857142858,RECONSTRUCTED MAJOR CATEGORY FROM APPENDIX SUBCATEGORIES,percent_cover,cover,functional_group
2007,WFGB,study_site,RT,Appendix 1 Random Transect Data 2004-2008.xls,excel_appendix,West Bank 2007,NE2,Coral,57.75510204081632,RECONSTRUCTED MAJOR CATEGORY FROM APPENDIX SUBCATEGORIES,percent_cover,cover,functional_group
2007,WFGB,study_site,RT,Appendix 1 Random Transect Data 2004-2008.xls,excel_appendix,West Bank 2007,NE2,Hydrocoral,0.0,RECONSTRUCTED MAJOR CATEGORY FROM APPENDIX SUBCATEGORIES,percent_cover,cover,functional_group
2007,WFGB,study_site,RT,Appendix 1 Random Transect Data 2004-2008.xls,excel_appendix,West Bank 2007,NE2,Macroalgae,16.122448979591837,RECONSTRUCTED MAJOR CATEGORY FROM APPENDIX SUBCATEGORIES,percent_cover,cover,functional_group
2007,WFGB,study_site,RT,Appendix 1 Random Transect Data 2004-2008.xls,excel_appendix,West Bank 2007,NE2,Other,0.20408163265306123,RECONSTRUCTED MAJOR CATEGORY FROM APPENDIX SUBCATEGORIES,percent_cover,cover,functional_group
2007,WFGB,study_site,RT,Appendix 1 Random Transect Data 2004-2008.xls,excel_appendix,West Bank 2007,NE2,Sand,0.0,RECONSTRUCTED MAJOR CATEGORY FROM APPENDIX SUBCATEGORIES,percent_cover,cover,functional_group
2007,WFGB,study_site,RT,Appendix 1 Random Transect Data 2004-2008.xls,excel_appendix,West Bank 2007,NE2,Sponge,0.0,RECONSTRUCTED MAJOR CATEGORY FROM APPENDIX SUBCATEGORIES,percent_cover,cover,functional_group
2007,WFGB,study_site,RT,Appendix 1 Random Transect Data 2004-2008.xls,excel_appendix,West Bank 2007,NE3,CCA,2.044989775051125,RECONSTRUCTED MAJOR CATEGORY FROM APPENDIX SUBCATEGORIES,percent_cover,cover,functional_group
2007,WFGB,study_site,RT,Appendix 1 Random Transect Data 2004-2008.xls,excel_appendix,West Bank 2007,NE3,Colonizable Substrate,5.930470347648262,RECONSTRUCTED MAJOR CATEGORY FROM APPENDIX SUBCATEGORIES,percent_cover,cover,functional_group
2007,WFGB,study_site,RT,Appendix 1 Random Transect Data 2004-2008.xls,excel_appendix,West Bank 2007,NE3,Coral,85.48057259713701,RECONSTRUCTED MAJOR CATEGORY FROM APPENDIX SUBCATEGORIES,percent_cover,cover,functional_group
2007,WFGB,study_site,RT,Appendix 1 Random Transect Data 2004-2008.xls,excel_appendix,West Bank 2007,NE3,Hydrocoral,0.0,RECONSTRUCTED MAJOR CATEGORY FROM APPENDIX SUBCATEGORIES,percent_cover,cover,functional_group
2007,WFGB,study_site,RT,Appendix 1 Random Transect Data 2004-2008.xls,excel_appendix,West Bank 2007,NE3,Macroalgae,6.134969325153374,RECONSTRUCTED MAJOR CATEGORY FROM APPENDIX SUBCATEGORIES,percent_cover,cover,functional_group
2007,WFGB,study_site,RT,Appendix 1 Random Transect Data 2004-2008.xls,excel_appendix,West Bank 2007,NE3,Other,0.0,RECONSTRUCTED MAJOR CATEGORY FROM APPENDIX SUBCATEGORIES,percent_cover,cover,functional_group
2007,WFGB,study_site,RT,Appendix 1 Random Transect Data 2004-2008.xls,excel_appendix,West Bank 2007,NE3,Sand,0.408997955010225,RECONSTRUCTED MAJOR CATEGORY FROM APPENDIX SUBCATEGORIES,percent_cover,cover,functional_group
2007,WFGB,study_site,RT,Appendix 1 Random Transect Data 2004-2008.xls,excel_appendix,West Bank 2007,NE3,Sponge,0.0,RECONSTRUCTED MAJOR CATEGORY FROM APPENDIX SUBCATEGORIES,percent_cover,cover,functional_group
2007,WFGB,study_site,RT,Appendix 1 Random Transect Data 2004-2008.xls,excel_appendix,West Bank 2007,NE4,CCA,3.2653061224489797,RECONSTRUCTED MAJOR CATEGORY FROM APPENDIX SUBCATEGORIES,percent_cover,cover,functional_group
2007,WFGB,study_site,RT,Appendix 1 Random Transect Data 2004-2008.xls,excel_appendix,West Bank 2007,NE4,Colonizable Substrate,16.93877551020408,RECONSTRUCTED MAJOR CATEGORY FROM APPENDIX SUBCATEGORIES,percent_cover,cover,functional_group
2007,WFGB,study_site,RT,Appendix 1 Random Transect Data 2004-2008.xls,excel_appendix,West Bank 2007,NE4,Coral,68.97959183673468,RECONSTRUCTED MAJOR CATEGORY FROM APPENDIX SUBCATEGORIES,percent_cover,cover,functional_group
2007,WFGB,study_site,RT,Appendix 1 Random Transect Data 2004-2008.xls,excel_appendix,West Bank 2007,NE4,Hydrocoral,0.40816326530612246,RECONSTRUCTED MAJOR CATEGORY FROM APPENDIX SUBCATEGORIES,percent_cover,cover,functional_group
2007,WFGB,study_site,RT,Appendix 1 Random Transect Data 2004-2008.xls,excel_appendix,West Bank 2007,NE4,Macroalgae,8.571428571428571,RECONSTRUCTED MAJOR CATEGORY FROM APPENDIX SUBCATEGORIES,percent_cover,cover,functional_group
2007,WFGB,study_site,RT,Appendix 1 Random Transect Data 2004-2008.xls,excel_appendix,West Bank 2007,NE4,Other,1.836734693877551,RECONSTRUCTED MAJOR CATEGORY FROM APPENDIX SUBCATEGORIES,percent_cover,cover,functional_group
2007,WFGB,study_site,RT,Appendix 1 Random Transect Data 2004-2008.xls,excel_appendix,West Bank 2007,NE4,Sand,0.0,RECONSTRUCTED MAJOR CATEGORY FROM APPENDIX SUBCATEGORIES,percent_cover,cover,functional_group
2007,WFGB,study_site,RT,Appendix 1 Random Transect Data 2004-2008.xls,excel_appendix,West Bank 2007,NE4,Sponge,0.0,RECONSTRUCTED MAJOR CATEGORY FROM APPENDIX SUBCATEGORIES,percent_cover,cover,functional_group
2007,WFGB,study_site,RT,Appendix 1 Random Transect Data 2004-2008.xls,excel_appendix,West Bank 2007,NW1,CCA,3.0172413793103448,RECONSTRUCTED MAJOR CATEGORY FROM APPENDIX SUBCATEGORIES,percent_cover,cover,functional_group
2007,WFGB,study_site,RT,Appendix 1 Random Transect Data 2004-2008.xls,excel_appendix,West Bank 2007,NW1,Colonizable Substrate,13.14655172413793,RECONSTRUCTED MAJOR CATEGORY FROM APPENDIX SUBCATEGORIES,percent_cover,cover,functional_group
2007,WFGB,study_site,RT,Appendix 1 Random Transect Data 2004-2008.xls,excel_appendix,West Bank 2007,NW1,Coral,53.87931034482758,RECONSTRUCTED MAJOR CATEGORY FROM APPENDIX SUBCATEGORIES,percent_cover,cover,functional_group
2007,WFGB,study_site,RT,Appendix 1 Random Transect Data 2004-2008.xls,excel_appendix,West Bank 2007,NW1,Hydrocoral,2.586206896551724,RECONSTRUCTED MAJOR CATEGORY FROM APPENDIX SUBCATEGORIES,percent_cover,cover,functional_group
2007,WFGB,study_site,RT,Appendix 1 Random Transect Data 2004-2008.xls,excel_appendix,West Bank 2007,NW1,Macroalgae,26.07758620689655,RECONSTRUCTED MAJOR CATEGORY FROM APPENDIX SUBCATEGORIES,percent_cover,cover,functional_group
2007,WFGB,study_site,RT,Appendix 1 Random Transect Data 2004-2008.xls,excel_appendix,West Bank 2007,NW1,Other,0.0,RECONSTRUCTED MAJOR CATEGORY FROM APPENDIX SUBCATEGORIES,percent_cover,cover,functional_group
2007,WFGB,study_site,RT,Appendix 1 Random Transect Data 2004-2008.xls,excel_appendix,West Bank 2007,NW1,Sand,0.0,RECONSTRUCTED MAJOR CATEGORY FROM APPENDIX SUBCATEGORIES,percent_cover,cover,functional_group
2007,WFGB,study_site,RT,Appendix 1 Random Transect Data 2004-2008.xls,excel_appendix,West Bank 2007,NW1,Sponge,1.0775862068965518,RECONSTRUCTED MAJOR CATEGORY FROM APPENDIX SUBCATEGORIES,percent_cover,cover,functional_group
2007,WFGB,study_site,RT,Appendix 1 Random Transect Data 2004-2008.xls,excel_appendix,West Bank 2007,NW2,CCA,3.9337474120082816,RECONSTRUCTED MAJOR CATEGORY FROM APPENDIX SUBCATEGORIES,percent_cover,cover,functional_group
2007,WFGB,study_site,RT,Appendix 1 Random Transect Data 2004-2008.xls,excel_appendix,West Bank 2007,NW2,Colonizable Substrate,21.11801242236025,RECONSTRUCTED MAJOR CATEGORY FROM APPENDIX SUBCATEGORIES,percent_cover,cover,functional_group
2007,WFGB,study_site,RT,Appendix 1 Random Transect Data 2004-2008.xls,excel_appendix,West Bank 2007,NW2,Coral,47.4120082815735,RECONSTRUCTED MAJOR CATEGORY FROM APPENDIX SUBCATEGORIES,percent_cover,cover,functional_group
2007,WFGB,study_site,RT,Appendix 1 Random Transect Data 2004-2008.xls,excel_appendix,West Bank 2007,NW2,Hydrocoral,1.8633540372670807,RECONSTRUCTED MAJOR CATEGORY FROM APPENDIX SUBCATEGORIES,percent_cover,cover,functional_group
2007,WFGB,study_site,RT,Appendix 1 Random Transect Data 2004-2008.xls,excel_appendix,West Bank 2007,NW2,Macroalgae,23.188405797101446,RECONSTRUCTED MAJOR CATEGORY FROM APPENDIX SUBCATEGORIES,percent_cover,cover,functional_group
2007,WFGB,study_site,RT,Appendix 1 Random Transect Data 2004-2008.xls,excel_appendix,West Bank 2007,NW2,Other,0.6211180124223603,RECONSTRUCTED MAJOR CATEGORY FROM APPENDIX SUBCATEGORIES,percent_cover,cover,functional_group
2007,WFGB,study_site,RT,Appendix 1 Random Transect Data 2004-2008.xls,excel_appendix,West Bank 2007,NW2,Sand,0.6211180124223602,RECONSTRUCTED MAJOR CATEGORY FROM APPENDIX SUBCATEGORIES,percent_cover,cover,functional_group
2007,WFGB,study_site,RT,Appendix 1 Random Transect Data 2004-2008.xls,excel_appendix,West Bank 2007,NW2,Sponge,0.8281573498964804,RECONSTRUCTED MAJOR CATEGORY FROM APPENDIX SUBCATEGORIES,percent_cover,cover,functional_group
2007,WFGB,study_site,RT,Appendix 1 Random Transect Data 2004-2008.xls,excel_appendix,West Bank 2007,NW3,CCA,4.732510288065844,RECONSTRUCTED MAJOR CATEGORY FROM APPENDIX SUBCATEGORIES,percent_cover,cover,functional_group
2007,WFGB,study_site,RT,Appendix 1 Random Transect Data 2004-2008.xls,excel_appendix,West Bank 2007,NW3,Colonizable Substrate,32.92181069958848,RECONSTRUCTED MAJOR CATEGORY FROM APPENDIX SUBCATEGORIES,percent_cover,cover,functional_group
2007,WFGB,study_site,RT,Appendix 1 Random Transect Data 2004-2008.xls,excel_appendix,West Bank 2007,NW3,Coral,39.300411522633745,RECONSTRUCTED MAJOR CATEGORY FROM APPENDIX SUBCATEGORIES,percent_cover,cover,functional_group
2007,WFGB,study_site,RT,Appendix 1 Random Transect Data 2004-2008.xls,excel_appendix,West Bank 2007,NW3,Hydrocoral,1.646090534979424,RECONSTRUCTED MAJOR CATEGORY FROM APPENDIX SUBCATEGORIES,percent_cover,cover,functional_group
2007,WFGB,study_site,RT,Appendix 1 Random Transect Data 2004-2008.xls,excel_appendix,West Bank 2007,NW3,Macroalgae,20.5761316872428,RECONSTRUCTED MAJOR CATEGORY FROM APPENDIX SUBCATEGORIES,percent_cover,cover,functional_group
2007,WFGB,study_site,RT,Appendix 1 Random Transect Data 2004-2008.xls,excel_appendix,West Bank 2007,NW3,Other,0.0,RECONSTRUCTED MAJOR CATEGORY FROM APPENDIX SUBCATEGORIES,percent_cover,cover,functional_group
2007,WFGB,study_site,RT,Appendix 1 Random Transect Data 2004-2008.xls,excel_appendix,West Bank 2007,NW3,Sand,0.0,RECONSTRUCTED MAJOR CATEGORY FROM APPENDIX SUBCATEGORIES,percent_cover,cover,functional_group
2007,WFGB,study_site,RT,Appendix 1 Random Transect Data 2004-2008.xls,excel_appendix,West Bank 2007,NW3,Sponge,0.617283950617284,RECONSTRUCTED MAJOR CATEGORY FROM APPENDIX SUBCATEGORIES,percent_cover,cover,functional_group
2007,WFGB,study_site,RT,Appendix 1 Random Transect Data 2004-2008.xls,excel_appendix,West Bank 2007,NW4,CCA,2.9106029106029108,RECONSTRUCTED MAJOR CATEGORY FROM APPENDIX SUBCATEGORIES,percent_cover,cover,functional_group
2007,WFGB,study_site,RT,Appendix 1 Random Transect Data 2004-2008.xls,excel_appendix,West Bank 2007,NW4,Colonizable Substrate,17.671517671517673,RECONSTRUCTED MAJOR CATEGORY FROM APPENDIX SUBCATEGORIES,percent_cover,cover,functional_group
2007,WFGB,study_site,RT,Appendix 1 Random Transect Data 2004-2008.xls,excel_appendix,West Bank 2007,NW4,Coral,61.95426195426196,RECONSTRUCTED MAJOR CATEGORY FROM APPENDIX SUBCATEGORIES,percent_cover,cover,functional_group
2007,WFGB,study_site,RT,Appendix 1 Random Transect Data 2004-2008.xls,excel_appendix,West Bank 2007,NW4,Hydrocoral,0.2079002079002079,RECONSTRUCTED MAJOR CATEGORY FROM APPENDIX SUBCATEGORIES,percent_cover,cover,functional_group
2007,WFGB,study_site,RT,Appendix 1 Random Transect Data 2004-2008.xls,excel_appendix,West Bank 2007,NW4,Macroalgae,16.632016632016633,RECONSTRUCTED MAJOR CATEGORY FROM APPENDIX SUBCATEGORIES,percent_cover,cover,functional_group
2007,WFGB,study_site,RT,Appendix 1 Random Transect Data 2004-2008.xls,excel_appendix,West Bank 2007,NW4,Other,0.0,RECONSTRUCTED MAJOR CATEGORY FROM APPENDIX SUBCATEGORIES,percent_cover,cover,functional_group
2007,WFGB,study_site,RT,Appendix 1 Random Transect Data 2004-2008.xls,excel_appendix,West Bank 2007,NW4,Sand,0.0,RECONSTRUCTED MAJOR CATEGORY FROM APPENDIX SUBCATEGORIES,percent_cover,cover,functional_group
2007,WFGB,study_site,RT,Appendix 1 Random Transect Data 2004-2008.xls,excel_appendix,West Bank 2007,NW4,Sponge,0.0,RECONSTRUCTED MAJOR CATEGORY FROM APPENDIX SUBCATEGORIES,percent_cover,cover,functional_group
2007,WFGB,study_site,RT,Appendix 1 Random Transect Data 2004-2008.xls,excel_appendix,West Bank 2007,SE1,CCA,2.4489795918367347,RECONSTRUCTED MAJOR CATEGORY FROM APPENDIX SUBCATEGORIES,percent_cover,cover,functional_group
2007,WFGB,study_site,RT,Appendix 1 Random Transect Data 2004-2008.xls,excel_appendix,West Bank 2007,SE1,Colonizable Substrate,26.73469387755102,RECONSTRUCTED MAJOR CATEGORY FROM APPENDIX SUBCATEGORIES,percent_cover,cover,functional_group
2007,WFGB,study_site,RT,Appendix 1 Random Transect Data 2004-2008.xls,excel_appendix,West Bank 2007,SE1,Coral,55.306122448979586,RECONSTRUCTED MAJOR CATEGORY FROM APPENDIX SUBCATEGORIES,percent_cover,cover,functional_group
2007,WFGB,study_site,RT,Appendix 1 Random Transect Data 2004-2008.xls,excel_appendix,West Bank 2007,SE1,Hydrocoral,0.40816326530612246,RECONSTRUCTED MAJOR CATEGORY FROM APPENDIX SUBCATEGORIES,percent_cover,cover,functional_group
2007,WFGB,study_site,RT,Appendix 1 Random Transect Data 2004-2008.xls,excel_appendix,West Bank 2007,SE1,Macroalgae,13.877551020408163,RECONSTRUCTED MAJOR CATEGORY FROM APPENDIX SUBCATEGORIES,percent_cover,cover,functional_group
2007,WFGB,study_site,RT,Appendix 1 Random Transect Data 2004-2008.xls,excel_appendix,West Bank 2007,SE1,Other,0.20408163265306123,RECONSTRUCTED MAJOR CATEGORY FROM APPENDIX SUBCATEGORIES,percent_cover,cover,functional_group
2007,WFGB,study_site,RT,Appendix 1 Random Transect Data 2004-2008.xls,excel_appendix,West Bank 2007,SE1,Sand,0.6122448979591837,RECONSTRUCTED MAJOR CATEGORY FROM APPENDIX SUBCATEGORIES,percent_cover,cover,functional_group
2007,WFGB,study_site,RT,Appendix 1 Random Transect Data 2004-2008.xls,excel_appendix,West Bank 2007,SE1,Sponge,0.0,RECONSTRUCTED MAJOR CATEGORY FROM APPENDIX SUBCATEGORIES,percent_cover,cover,functional_group
2007,WFGB,study_site,RT,Appendix 1 Random Transect Data 2004-2008.xls,excel_appendix,West Bank 2007,SE2,CCA,0.6276150627615062,RECONSTRUCTED MAJOR CATEGORY FROM APPENDIX SUBCATEGORIES,percent_cover,cover,functional_group
2007,WFGB,study_site,RT,Appendix 1 Random Transect Data 2004-2008.xls,excel_appendix,West Bank 2007,SE2,Colonizable Substrate,20.711297071129707,RECONSTRUCTED MAJOR CATEGORY FROM APPENDIX SUBCATEGORIES,percent_cover,cover,functional_group
2007,WFGB,study_site,RT,Appendix 1 Random Transect Data 2004-2008.xls,excel_appendix,West Bank 2007,SE2,Coral,51.88284518828452,RECONSTRUCTED MAJOR CATEGORY FROM APPENDIX SUBCATEGORIES,percent_cover,cover,functional_group
2007,WFGB,study_site,RT,Appendix 1 Random Transect Data 2004-2008.xls,excel_appendix,West Bank 2007,SE2,Hydrocoral,0.0,RECONSTRUCTED MAJOR CATEGORY FROM APPENDIX SUBCATEGORIES,percent_cover,cover,functional_group
2007,WFGB,study_site,RT,Appendix 1 Random Transect Data 2004-2008.xls,excel_appendix,West Bank 2007,SE2,Macroalgae,24.895397489539747,RECONSTRUCTED MAJOR CATEGORY FROM APPENDIX SUBCATEGORIES,percent_cover,cover,functional_group
2007,WFGB,study_site,RT,Appendix 1 Random Transect Data 2004-2008.xls,excel_appendix,West Bank 2007,SE2,Other,0.41841004184100417,RECONSTRUCTED MAJOR CATEGORY FROM APPENDIX SUBCATEGORIES,percent_cover,cover,functional_group
2007,WFGB,study_site,RT,Appendix 1 Random Transect Data 2004-2008.xls,excel_appendix,West Bank 2007,SE2,Sand,0.41841004184100417,RECONSTRUCTED MAJOR CATEGORY FROM APPENDIX SUBCATEGORIES,percent_cover,cover,functional_group
2007,WFGB,study_site,RT,Appendix 1 Random Transect Data 2004-2008.xls,excel_appendix,West Bank 2007,SE2,Sponge,0.8368200836820083,RECONSTRUCTED MAJOR CATEGORY FROM APPENDIX SUBCATEGORIES,percent_cover,cover,functional_group
2007,WFGB,study_site,RT,Appendix 1 Random Transect Data 2004-2008.xls,excel_appendix,West Bank 2007,SE3,CCA,1.0224948875255624,RECONSTRUCTED MAJOR CATEGORY FROM APPENDIX SUBCATEGORIES,percent_cover,cover,functional_group
2007,WFGB,study_site,RT,Appendix 1 Random Transect Data 2004-2008.xls,excel_appendix,West Bank 2007,SE3,Colonizable Substrate,22.290388548057262,RECONSTRUCTED MAJOR CATEGORY FROM APPENDIX SUBCATEGORIES,percent_cover,cover,functional_group
2007,WFGB,study_site,RT,Appendix 1 Random Transect Data 2004-2008.xls,excel_appendix,West Bank 2007,SE3,Coral,65.6441717791411,RECONSTRUCTED MAJOR CATEGORY FROM APPENDIX SUBCATEGORIES,percent_cover,cover,functional_group
2007,WFGB,study_site,RT,Appendix 1 Random Transect Data 2004-2008.xls,excel_appendix,West Bank 2007,SE3,Hydrocoral,0.6134969325153374,RECONSTRUCTED MAJOR CATEGORY FROM APPENDIX SUBCATEGORIES,percent_cover,cover,functional_group
2007,WFGB,study_site,RT,Appendix 1 Random Transect Data 2004-2008.xls,excel_appendix,West Bank 2007,SE3,Macroalgae,6.543967280163599,RECONSTRUCTED MAJOR CATEGORY FROM APPENDIX SUBCATEGORIES,percent_cover,cover,functional_group
2007,WFGB,study_site,RT,Appendix 1 Random Transect Data 2004-2008.xls,excel_appendix,West Bank 2007,SE3,Other,0.408997955010225,RECONSTRUCTED MAJOR CATEGORY FROM APPENDIX SUBCATEGORIES,percent_cover,cover,functional_group
2007,WFGB,study_site,RT,Appendix 1 Random Transect Data 2004-2008.xls,excel_appendix,West Bank 2007,SE3,Sand,2.8629856850715747,RECONSTRUCTED MAJOR CATEGORY FROM APPENDIX SUBCATEGORIES,percent_cover,cover,functional_group
2007,WFGB,study_site,RT,Appendix 1 Random Transect Data 2004-2008.xls,excel_appendix,West Bank 2007,SE3,Sponge,0.0,RECONSTRUCTED MAJOR CATEGORY FROM APPENDIX SUBCATEGORIES,percent_cover,cover,functional_group
2007,WFGB,study_site,RT,Appendix 1 Random Transect Data 2004-2008.xls,excel_appendix,West Bank 2007,SE4,CCA,0.8213552361396305,RECONSTRUCTED MAJOR CATEGORY FROM APPENDIX SUBCATEGORIES,percent_cover,cover,functional_group
2007,WFGB,study_site,RT,Appendix 1 Random Transect Data 2004-2008.xls,excel_appendix,West Bank 2007,SE4,Colonizable Substrate,28.54209445585216,RECONSTRUCTED MAJOR CATEGORY FROM APPENDIX SUBCATEGORIES,percent_cover,cover,functional_group
2007,WFGB,study_site,RT,Appendix 1 Random Transect Data 2004-2008.xls,excel_appendix,West Bank 2007,SE4,Coral,50.51334702258727,RECONSTRUCTED MAJOR CATEGORY FROM APPENDIX SUBCATEGORIES,percent_cover,cover,functional_group
2007,WFGB,study_site,RT,Appendix 1 Random Transect Data 2004-2008.xls,excel_appendix,West Bank 2007,SE4,Hydrocoral,3.696098562628337,RECONSTRUCTED MAJOR CATEGORY FROM APPENDIX SUBCATEGORIES,percent_cover,cover,functional_group
2007,WFGB,study_site,RT,Appendix 1 Random Transect Data 2004-2008.xls,excel_appendix,West Bank 2007,SE4,Macroalgae,14.37371663244353,RECONSTRUCTED MAJOR CATEGORY FROM APPENDIX SUBCATEGORIES,percent_cover,cover,functional_group
2007,WFGB,study_site,RT,Appendix 1 Random Transect Data 2004-2008.xls,excel_appendix,West Bank 2007,SE4,Other,0.20533880903490762,RECONSTRUCTED MAJOR CATEGORY FROM APPENDIX SUBCATEGORIES,percent_cover,cover,functional_group
2007,WFGB,study_site,RT,Appendix 1 Random Transect Data 2004-2008.xls,excel_appendix,West Bank 2007,SE4,Sand,1.642710472279261,RECONSTRUCTED MAJOR CATEGORY FROM APPENDIX SUBCATEGORIES,percent_cover,cover,functional_group
2007,WFGB,study_site,RT,Appendix 1 Random Transect Data 2004-2008.xls,excel_appendix,West Bank 2007,SE4,Sponge,0.20533880903490762,RECONSTRUCTED MAJOR CATEGORY FROM APPENDIX SUBCATEGORIES,percent_cover,cover,functional_group
2007,WFGB,study_site,RT,Appendix 1 Random Transect Data 2004-2008.xls,excel_appendix,West Bank 2007,SW1,CCA,1.4256619144602851,RECONSTRUCTED MAJOR CATEGORY FROM APPENDIX SUBCATEGORIES,percent_cover,cover,functional_group
2007,WFGB,study_site,RT,Appendix 1 Random Transect Data 2004-2008.xls,excel_appendix,West Bank 2007,SW1,Colonizable Substrate,21.792260692464357,RECONSTRUCTED MAJOR CATEGORY FROM APPENDIX SUBCATEGORIES,percent_cover,cover,functional_group
2007,WFGB,study_site,RT,Appendix 1 Random Transect Data 2004-2008.xls,excel_appendix,West Bank 2007,SW1,Coral,54.989816700610994,RECONSTRUCTED MAJOR CATEGORY FROM APPENDIX SUBCATEGORIES,percent_cover,cover,functional_group
2007,WFGB,study_site,RT,Appendix 1 Random Transect Data 2004-2008.xls,excel_appendix,West Bank 2007,SW1,Hydrocoral,0.20366598778004072,RECONSTRUCTED MAJOR CATEGORY FROM APPENDIX SUBCATEGORIES,percent_cover,cover,functional_group
2007,WFGB,study_site,RT,Appendix 1 Random Transect Data 2004-2008.xls,excel_appendix,West Bank 2007,SW1,Macroalgae,18.73727087576375,RECONSTRUCTED MAJOR CATEGORY FROM APPENDIX SUBCATEGORIES,percent_cover,cover,functional_group
2007,WFGB,study_site,RT,Appendix 1 Random Transect Data 2004-2008.xls,excel_appendix,West Bank 2007,SW1,Other,0.20366598778004072,RECONSTRUCTED MAJOR CATEGORY FROM APPENDIX SUBCATEGORIES,percent_cover,cover,functional_group
2007,WFGB,study_site,RT,Appendix 1 Random Transect Data 2004-2008.xls,excel_appendix,West Bank 2007,SW1,Sand,1.6293279022403258,RECONSTRUCTED MAJOR CATEGORY FROM APPENDIX SUBCATEGORIES,percent_cover,cover,functional_group
2007,WFGB,study_site,RT,Appendix 1 Random Transect Data 2004-2008.xls,excel_appendix,West Bank 2007,SW1,Sponge,1.0183299389002036,RECONSTRUCTED MAJOR CATEGORY FROM APPENDIX SUBCATEGORIES,percent_cover,cover,functional_group
2007,WFGB,study_site,RT,Appendix 1 Random Transect Data 2004-2008.xls,excel_appendix,West Bank 2007,SW2,CCA,5.084745762711865,RECONSTRUCTED MAJOR CATEGORY FROM APPENDIX SUBCATEGORIES,percent_cover,cover,functional_group
2007,WFGB,study_site,RT,Appendix 1 Random Transect Data 2004-2008.xls,excel_appendix,West Bank 2007,SW2,Colonizable Substrate,20.76271186440678,RECONSTRUCTED MAJOR CATEGORY FROM APPENDIX SUBCATEGORIES,percent_cover,cover,functional_group
2007,WFGB,study_site,RT,Appendix 1 Random Transect Data 2004-2008.xls,excel_appendix,West Bank 2007,SW2,Coral,26.483050847457626,RECONSTRUCTED MAJOR CATEGORY FROM APPENDIX SUBCATEGORIES,percent_cover,cover,functional_group
2007,WFGB,study_site,RT,Appendix 1 Random Transect Data 2004-2008.xls,excel_appendix,West Bank 2007,SW2,Hydrocoral,0.0,RECONSTRUCTED MAJOR CATEGORY FROM APPENDIX SUBCATEGORIES,percent_cover,cover,functional_group
2007,WFGB,study_site,RT,Appendix 1 Random Transect Data 2004-2008.xls,excel_appendix,West Bank 2007,SW2,Macroalgae,46.186440677966104,RECONSTRUCTED MAJOR CATEGORY FROM APPENDIX SUBCATEGORIES,percent_cover,cover,functional_group
2007,WFGB,study_site,RT,Appendix 1 Random Transect Data 2004-2008.xls,excel_appendix,West Bank 2007,SW2,Other,0.211864406779661,RECONSTRUCTED MAJOR CATEGORY FROM APPENDIX SUBCATEGORIES,percent_cover,cover,functional_group
2007,WFGB,study_site,RT,Appendix 1 Random Transect Data 2004-2008.xls,excel_appendix,West Bank 2007,SW2,Sand,0.6355932203389831,RECONSTRUCTED MAJOR CATEGORY FROM APPENDIX SUBCATEGORIES,percent_cover,cover,functional_group
2007,WFGB,study_site,RT,Appendix 1 Random Transect Data 2004-2008.xls,excel_appendix,West Bank 2007,SW2,Sponge,0.6355932203389831,RECONSTRUCTED MAJOR CATEGORY FROM APPENDIX SUBCATEGORIES,percent_cover,cover,functional_group
2007,WFGB,study_site,RT,Appendix 1 Random Transect Data 2004-2008.xls,excel_appendix,West Bank 2007,SW3,CCA,0.8163265306122449,RECONSTRUCTED MAJOR CATEGORY FROM APPENDIX SUBCATEGORIES,percent_cover,cover,functional_group
2007,WFGB,study_site,RT,Appendix 1 Random Transect Data 2004-2008.xls,excel_appendix,West Bank 2007,SW3,Colonizable Substrate,35.10204081632653,RECONSTRUCTED MAJOR CATEGORY FROM APPENDIX SUBCATEGORIES,percent_cover,cover,functional_group
2007,WFGB,study_site,RT,Appendix 1 Random Transect Data 2004-2008.xls,excel_appendix,West Bank 2007,SW3,Coral,54.08163265306123,RECONSTRUCTED MAJOR CATEGORY FROM APPENDIX SUBCATEGORIES,percent_cover,cover,functional_group
2007,WFGB,study_site,RT,Appendix 1 Random Transect Data 2004-2008.xls,excel_appendix,West Bank 2007,SW3,Hydrocoral,0.40816326530612246,RECONSTRUCTED MAJOR CATEGORY FROM APPENDIX SUBCATEGORIES,percent_cover,cover,functional_group
2007,WFGB,study_site,RT,Appendix 1 Random Transect Data 2004-2008.xls,excel_appendix,West Bank 2007,SW3,Macroalgae,8.979591836734695,RECONSTRUCTED MAJOR CATEGORY FROM APPENDIX SUBCATEGORIES,percent_cover,cover,functional_group
2007,WFGB,study_site,RT,Appendix 1 Random Transect Data 2004-2008.xls,excel_appendix,West Bank 2007,SW3,Other,0.6122448979591837,RECONSTRUCTED MAJOR CATEGORY FROM APPENDIX SUBCATEGORIES,percent_cover,cover,functional_group
2007,WFGB,study_site,RT,Appendix 1 Random Transect Data 2004-2008.xls,excel_appendix,West Bank 2007,SW3,Sand,0.0,RECONSTRUCTED MAJOR CATEGORY FROM APPENDIX SUBCATEGORIES,percent_cover,cover,functional_group
2007,WFGB,study_site,RT,Appendix 1 Random Transect Data 2004-2008.xls,excel_appendix,West Bank 2007,SW3,Sponge,0.0,RECONSTRUCTED MAJOR CATEGORY FROM APPENDIX SUBCATEGORIES,percent_cover,cover,functional_group
2007,WFGB,study_site,RT,Appendix 1 Random Transect Data 2004-2008.xls,excel_appendix,West Bank 2007,SW4,CCA,2.7139874739039667,RECONSTRUCTED MAJOR CATEGORY FROM APPENDIX SUBCATEGORIES,percent_cover,cover,functional_group
2007,WFGB,study_site,RT,Appendix 1 Random Transect Data 2004-2008.xls,excel_appendix,West Bank 2007,SW4,Colonizable Substrate,27.97494780793319,RECONSTRUCTED MAJOR CATEGORY FROM APPENDIX SUBCATEGORIES,percent_cover,cover,functional_group
2007,WFGB,study_site,RT,Appendix 1 Random Transect Data 2004-2008.xls,excel_appendix,West Bank 2007,SW4,Coral,48.01670146137787,RECONSTRUCTED MAJOR CATEGORY FROM APPENDIX SUBCATEGORIES,percent_cover,cover,functional_group
2007,WFGB,study_site,RT,Appendix 1 Random Transect Data 2004-2008.xls,excel_appendix,West Bank 2007,SW4,Hydrocoral,1.0438413361169103,RECONSTRUCTED MAJOR CATEGORY FROM APPENDIX SUBCATEGORIES,percent_cover,cover,functional_group
2007,WFGB,study_site,RT,Appendix 1 Random Transect Data 2004-2008.xls,excel_appendix,West Bank 2007,SW4,Macroalgae,18.16283924843424,RECONSTRUCTED MAJOR CATEGORY FROM APPENDIX SUBCATEGORIES,percent_cover,cover,functional_group
2007,WFGB,study_site,RT,Appendix 1 Random Transect Data 2004-2008.xls,excel_appendix,West Bank 2007,SW4,Other,0.20876826722338201,RECONSTRUCTED MAJOR CATEGORY FROM APPENDIX SUBCATEGORIES,percent_cover,cover,functional_group
2007,WFGB,study_site,RT,Appendix 1 Random Transect Data 2004-2008.xls,excel_appendix,West Bank 2007,SW4,Sand,0.8350730688935281,RECONSTRUCTED MAJOR CATEGORY FROM APPENDIX SUBCATEGORIES,percent_cover,cover,functional_group
2007,WFGB,study_site,RT,Appendix 1 Random Transect Data 2004-2008.xls,excel_appendix,West Bank 2007,SW4,Sponge,0.41753653444676403,RECONSTRUCTED MAJOR CATEGORY FROM APPENDIX SUBCATEGORIES,percent_cover,cover,functional_group
2008,EFGB,study_site,RT,Appendix 1 Random Transect Data 2004-2008.xls,excel_appendix,East Bank 2008,NE1,CCA,1.2853470437017995,RECONSTRUCTED MAJOR CATEGORY FROM APPENDIX SUBCATEGORIES,percent_cover,cover,functional_group
2008,EFGB,study_site,RT,Appendix 1 Random Transect Data 2004-2008.xls,excel_appendix,East Bank 2008,NE1,Colonizable Substrate,12.853470437017995,RECONSTRUCTED MAJOR CATEGORY FROM APPENDIX SUBCATEGORIES,percent_cover,cover,functional_group
2008,EFGB,study_site,RT,Appendix 1 Random Transect Data 2004-2008.xls,excel_appendix,East Bank 2008,NE1,Coral,59.12596401028277,RECONSTRUCTED MAJOR CATEGORY FROM APPENDIX SUBCATEGORIES,percent_cover,cover,functional_group
2008,EFGB,study_site,RT,Appendix 1 Random Transect Data 2004-2008.xls,excel_appendix,East Bank 2008,NE1,Hydrocoral,0.5141388174807198,RECONSTRUCTED MAJOR CATEGORY FROM APPENDIX SUBCATEGORIES,percent_cover,cover,functional_group
2008,EFGB,study_site,RT,Appendix 1 Random Transect Data 2004-2008.xls,excel_appendix,East Bank 2008,NE1,Macroalgae,25.19280205655527,RECONSTRUCTED MAJOR CATEGORY FROM APPENDIX SUBCATEGORIES,percent_cover,cover,functional_group
2008,EFGB,study_site,RT,Appendix 1 Random Transect Data 2004-2008.xls,excel_appendix,East Bank 2008,NE1,Other,0.2570694087403599,RECONSTRUCTED MAJOR CATEGORY FROM APPENDIX SUBCATEGORIES,percent_cover,cover,functional_group
2008,EFGB,study_site,RT,Appendix 1 Random Transect Data 2004-2008.xls,excel_appendix,East Bank 2008,NE1,Sand,0.0,RECONSTRUCTED MAJOR CATEGORY FROM APPENDIX SUBCATEGORIES,percent_cover,cover,functional_group
2008,EFGB,study_site,RT,Appendix 1 Random Transect Data 2004-2008.xls,excel_appendix,East Bank 2008,NE1,Sponge,0.0,RECONSTRUCTED MAJOR CATEGORY FROM APPENDIX SUBCATEGORIES,percent_cover,cover,functional_group
2008,EFGB,study_site,RT,Appendix 1 Random Transect Data 2004-2008.xls,excel_appendix,East Bank 2008,NE2,CCA,1.1574074074074074,RECONSTRUCTED MAJOR CATEGORY FROM APPENDIX SUBCATEGORIES,percent_cover,cover,functional_group
2008,EFGB,study_site,RT,Appendix 1 Random Transect Data 2004-2008.xls,excel_appendix,East Bank 2008,NE2,Colonizable Substrate,12.268518518518519,RECONSTRUCTED MAJOR CATEGORY FROM APPENDIX SUBCATEGORIES,percent_cover,cover,functional_group
2008,EFGB,study_site,RT,Appendix 1 Random Transect Data 2004-2008.xls,excel_appendix,East Bank 2008,NE2,Coral,68.98148148148148,RECONSTRUCTED MAJOR CATEGORY FROM APPENDIX SUBCATEGORIES,percent_cover,cover,functional_group
2008,EFGB,study_site,RT,Appendix 1 Random Transect Data 2004-2008.xls,excel_appendix,East Bank 2008,NE2,Hydrocoral,0.0,RECONSTRUCTED MAJOR CATEGORY FROM APPENDIX SUBCATEGORIES,percent_cover,cover,functional_group
2008,EFGB,study_site,RT,Appendix 1 Random Transect Data 2004-2008.xls,excel_appendix,East Bank 2008,NE2,Macroalgae,17.129629629629626,RECONSTRUCTED MAJOR CATEGORY FROM APPENDIX SUBCATEGORIES,percent_cover,cover,functional_group
2008,EFGB,study_site,RT,Appendix 1 Random Transect Data 2004-2008.xls,excel_appendix,East Bank 2008,NE2,Other,0.23148148148148145,RECONSTRUCTED MAJOR CATEGORY FROM APPENDIX SUBCATEGORIES,percent_cover,cover,functional_group
2008,EFGB,study_site,RT,Appendix 1 Random Transect Data 2004-2008.xls,excel_appendix,East Bank 2008,NE2,Sand,0.0,RECONSTRUCTED MAJOR CATEGORY FROM APPENDIX SUBCATEGORIES,percent_cover,cover,functional_group
2008,EFGB,study_site,RT,Appendix 1 Random Transect Data 2004-2008.xls,excel_appendix,East Bank 2008,NE2,Sponge,0.0,RECONSTRUCTED MAJOR CATEGORY FROM APPENDIX SUBCATEGORIES,percent_cover,cover,functional_group
2008,EFGB,study_site,RT,Appendix 1 Random Transect Data 2004-2008.xls,excel_appendix,East Bank 2008,NE3,CCA,0.4705882352941176,RECONSTRUCTED MAJOR CATEGORY FROM APPENDIX SUBCATEGORIES,percent_cover,cover,functional_group
2008,EFGB,study_site,RT,Appendix 1 Random Transect Data 2004-2008.xls,excel_appendix,East Bank 2008,NE3,Colonizable Substrate,3.294117647058824,RECONSTRUCTED MAJOR CATEGORY FROM APPENDIX SUBCATEGORIES,percent_cover,cover,functional_group
2008,EFGB,study_site,RT,Appendix 1 Random Transect Data 2004-2008.xls,excel_appendix,East Bank 2008,NE3,Coral,84.47058823529412,RECONSTRUCTED MAJOR CATEGORY FROM APPENDIX SUBCATEGORIES,percent_cover,cover,functional_group
2008,EFGB,study_site,RT,Appendix 1 Random Transect Data 2004-2008.xls,excel_appendix,East Bank 2008,NE3,Hydrocoral,1.1764705882352942,RECONSTRUCTED MAJOR CATEGORY FROM APPENDIX SUBCATEGORIES,percent_cover,cover,functional_group
2008,EFGB,study_site,RT,Appendix 1 Random Transect Data 2004-2008.xls,excel_appendix,East Bank 2008,NE3,Macroalgae,10.352941176470589,RECONSTRUCTED MAJOR CATEGORY FROM APPENDIX SUBCATEGORIES,percent_cover,cover,functional_group
2008,EFGB,study_site,RT,Appendix 1 Random Transect Data 2004-2008.xls,excel_appendix,East Bank 2008,NE3,Other,0.2352941176470588,RECONSTRUCTED MAJOR CATEGORY FROM APPENDIX SUBCATEGORIES,percent_cover,cover,functional_group
2008,EFGB,study_site,RT,Appendix 1 Random Transect Data 2004-2008.xls,excel_appendix,East Bank 2008,NE3,Sand,0.0,RECONSTRUCTED MAJOR CATEGORY FROM APPENDIX SUBCATEGORIES,percent_cover,cover,functional_group
2008,EFGB,study_site,RT,Appendix 1 Random Transect Data 2004-2008.xls,excel_appendix,East Bank 2008,NE3,Sponge,0.0,RECONSTRUCTED MAJOR CATEGORY FROM APPENDIX SUBCATEGORIES,percent_cover,cover,functional_group
2008,EFGB,study_site,RT,Appendix 1 Random Transect Data 2004-2008.xls,excel_appendix,East Bank 2008,NE4,CCA,0.4878048780487805,RECONSTRUCTED MAJOR CATEGORY FROM APPENDIX SUBCATEGORIES,percent_cover,cover,functional_group
2008,EFGB,study_site,RT,Appendix 1 Random Transect Data 2004-2008.xls,excel_appendix,East Bank 2008,NE4,Colonizable Substrate,10.24390243902439,RECONSTRUCTED MAJOR CATEGORY FROM APPENDIX SUBCATEGORIES,percent_cover,cover,functional_group
2008,EFGB,study_site,RT,Appendix 1 Random Transect Data 2004-2008.xls,excel_appendix,East Bank 2008,NE4,Coral,69.7560975609756,RECONSTRUCTED MAJOR CATEGORY FROM APPENDIX SUBCATEGORIES,percent_cover,cover,functional_group
2008,EFGB,study_site,RT,Appendix 1 Random Transect Data 2004-2008.xls,excel_appendix,East Bank 2008,NE4,Hydrocoral,0.0,RECONSTRUCTED MAJOR CATEGORY FROM APPENDIX SUBCATEGORIES,percent_cover,cover,functional_group
2008,EFGB,study_site,RT,Appendix 1 Random Transect Data 2004-2008.xls,excel_appendix,East Bank 2008,NE4,Macroalgae,18.292682926829265,RECONSTRUCTED MAJOR CATEGORY FROM APPENDIX SUBCATEGORIES,percent_cover,cover,functional_group
2008,EFGB,study_site,RT,Appendix 1 Random Transect Data 2004-2008.xls,excel_appendix,East Bank 2008,NE4,Other,0.0,RECONSTRUCTED MAJOR CATEGORY FROM APPENDIX SUBCATEGORIES,percent_cover,cover,functional_group
2008,EFGB,study_site,RT,Appendix 1 Random Transect Data 2004-2008.xls,excel_appendix,East Bank 2008,NE4,Sand,0.0,RECONSTRUCTED MAJOR CATEGORY FROM APPENDIX SUBCATEGORIES,percent_cover,cover,functional_group
2008,EFGB,study_site,RT,Appendix 1 Random Transect Data 2004-2008.xls,excel_appendix,East Bank 2008,NE4,Sponge,0.0,RECONSTRUCTED MAJOR CATEGORY FROM APPENDIX SUBCATEGORIES,percent_cover,cover,functional_group
2008,EFGB,study_site,RT,Appendix 1 Random Transect Data 2004-2008.xls,excel_appendix,East Bank 2008,NW1,CCA,4.239401496259352,RECONSTRUCTED MAJOR CATEGORY FROM APPENDIX SUBCATEGORIES,percent_cover,cover,functional_group
2008,EFGB,study_site,RT,Appendix 1 Random Transect Data 2004-2008.xls,excel_appendix,East Bank 2008,NW1,Colonizable Substrate,15.46134663341646,RECONSTRUCTED MAJOR CATEGORY FROM APPENDIX SUBCATEGORIES,percent_cover,cover,functional_group
2008,EFGB,study_site,RT,Appendix 1 Random Transect Data 2004-2008.xls,excel_appendix,East Bank 2008,NW1,Coral,32.418952618453865,RECONSTRUCTED MAJOR CATEGORY FROM APPENDIX SUBCATEGORIES,percent_cover,cover,functional_group
2008,EFGB,study_site,RT,Appendix 1 Random Transect Data 2004-2008.xls,excel_appendix,East Bank 2008,NW1,Hydrocoral,0.0,RECONSTRUCTED MAJOR CATEGORY FROM APPENDIX SUBCATEGORIES,percent_cover,cover,functional_group
2008,EFGB,study_site,RT,Appendix 1 Random Transect Data 2004-2008.xls,excel_appendix,East Bank 2008,NW1,Macroalgae,46.384039900249384,RECONSTRUCTED MAJOR CATEGORY FROM APPENDIX SUBCATEGORIES,percent_cover,cover,functional_group
2008,EFGB,study_site,RT,Appendix 1 Random Transect Data 2004-2008.xls,excel_appendix,East Bank 2008,NW1,Other,0.24937655860349126,RECONSTRUCTED MAJOR CATEGORY FROM APPENDIX SUBCATEGORIES,percent_cover,cover,functional_group
2008,EFGB,study_site,RT,Appendix 1 Random Transect Data 2004-2008.xls,excel_appendix,East Bank 2008,NW1,Sand,0.24937655860349126,RECONSTRUCTED MAJOR CATEGORY FROM APPENDIX SUBCATEGORIES,percent_cover,cover,functional_group
2008,EFGB,study_site,RT,Appendix 1 Random Transect Data 2004-2008.xls,excel_appendix,East Bank 2008,NW1,Sponge,0.24937655860349126,RECONSTRUCTED MAJOR CATEGORY FROM APPENDIX SUBCATEGORIES,percent_cover,cover,functional_group
2008,EFGB,study_site,RT,Appendix 1 Random Transect Data 2004-2008.xls,excel_appendix,East Bank 2008,NW2,CCA,9.090909090909092,RECONSTRUCTED MAJOR CATEGORY FROM APPENDIX SUBCATEGORIES,percent_cover,cover,functional_group
2008,EFGB,study_site,RT,Appendix 1 Random Transect Data 2004-2008.xls,excel_appendix,East Bank 2008,NW2,Colonizable Substrate,26.515151515151516,RECONSTRUCTED MAJOR CATEGORY FROM APPENDIX SUBCATEGORIES,percent_cover,cover,functional_group
2008,EFGB,study_site,RT,Appendix 1 Random Transect Data 2004-2008.xls,excel_appendix,East Bank 2008,NW2,Coral,30.555555555555557,RECONSTRUCTED MAJOR CATEGORY FROM APPENDIX SUBCATEGORIES,percent_cover,cover,functional_group
2008,EFGB,study_site,RT,Appendix 1 Random Transect Data 2004-2008.xls,excel_appendix,East Bank 2008,NW2,Hydrocoral,0.5050505050505051,RECONSTRUCTED MAJOR CATEGORY FROM APPENDIX SUBCATEGORIES,percent_cover,cover,functional_group
2008,EFGB,study_site,RT,Appendix 1 Random Transect Data 2004-2008.xls,excel_appendix,East Bank 2008,NW2,Macroalgae,28.78787878787879,RECONSTRUCTED MAJOR CATEGORY FROM APPENDIX SUBCATEGORIES,percent_cover,cover,functional_group
2008,EFGB,study_site,RT,Appendix 1 Random Transect Data 2004-2008.xls,excel_appendix,East Bank 2008,NW2,Other,0.25252525252525254,RECONSTRUCTED MAJOR CATEGORY FROM APPENDIX SUBCATEGORIES,percent_cover,cover,functional_group
2008,EFGB,study_site,RT,Appendix 1 Random Transect Data 2004-2008.xls,excel_appendix,East Bank 2008,NW2,Sand,0.7575757575757576,RECONSTRUCTED MAJOR CATEGORY FROM APPENDIX SUBCATEGORIES,percent_cover,cover,functional_group
2008,EFGB,study_site,RT,Appendix 1 Random Transect Data 2004-2008.xls,excel_appendix,East Bank 2008,NW2,Sponge,2.02020202020202,RECONSTRUCTED MAJOR CATEGORY FROM APPENDIX SUBCATEGORIES,percent_cover,cover,functional_group
2008,EFGB,study_site,RT,Appendix 1 Random Transect Data 2004-2008.xls,excel_appendix,East Bank 2008,NW3,CCA,4.0201005025125625,RECONSTRUCTED MAJOR CATEGORY FROM APPENDIX SUBCATEGORIES,percent_cover,cover,functional_group
2008,EFGB,study_site,RT,Appendix 1 Random Transect Data 2004-2008.xls,excel_appendix,East Bank 2008,NW3,Colonizable Substrate,10.30150753768844,RECONSTRUCTED MAJOR CATEGORY FROM APPENDIX SUBCATEGORIES,percent_cover,cover,functional_group
2008,EFGB,study_site,RT,Appendix 1 Random Transect Data 2004-2008.xls,excel_appendix,East Bank 2008,NW3,Coral,71.10552763819095,RECONSTRUCTED MAJOR CATEGORY FROM APPENDIX SUBCATEGORIES,percent_cover,cover,functional_group
2008,EFGB,study_site,RT,Appendix 1 Random Transect Data 2004-2008.xls,excel_appendix,East Bank 2008,NW3,Hydrocoral,0.0,RECONSTRUCTED MAJOR CATEGORY FROM APPENDIX SUBCATEGORIES,percent_cover,cover,functional_group
2008,EFGB,study_site,RT,Appendix 1 Random Transect Data 2004-2008.xls,excel_appendix,East Bank 2008,NW3,Macroalgae,11.055276381909547,RECONSTRUCTED MAJOR CATEGORY FROM APPENDIX SUBCATEGORIES,percent_cover,cover,functional_group
2008,EFGB,study_site,RT,Appendix 1 Random Transect Data 2004-2008.xls,excel_appendix,East Bank 2008,NW3,Other,0.5025125628140703,RECONSTRUCTED MAJOR CATEGORY FROM APPENDIX SUBCATEGORIES,percent_cover,cover,functional_group
2008,EFGB,study_site,RT,Appendix 1 Random Transect Data 2004-2008.xls,excel_appendix,East Bank 2008,NW3,Sand,2.512562814070352,RECONSTRUCTED MAJOR CATEGORY FROM APPENDIX SUBCATEGORIES,percent_cover,cover,functional_group
2008,EFGB,study_site,RT,Appendix 1 Random Transect Data 2004-2008.xls,excel_appendix,East Bank 2008,NW3,Sponge,0.5025125628140703,RECONSTRUCTED MAJOR CATEGORY FROM APPENDIX SUBCATEGORIES,percent_cover,cover,functional_group
2008,EFGB,study_site,RT,Appendix 1 Random Transect Data 2004-2008.xls,excel_appendix,East Bank 2008,NW4,CCA,4.987531172069826,RECONSTRUCTED MAJOR CATEGORY FROM APPENDIX SUBCATEGORIES,percent_cover,cover,functional_group
2008,EFGB,study_site,RT,Appendix 1 Random Transect Data 2004-2008.xls,excel_appendix,East Bank 2008,NW4,Colonizable Substrate,8.229426433915211,RECONSTRUCTED MAJOR CATEGORY FROM APPENDIX SUBCATEGORIES,percent_cover,cover,functional_group
2008,EFGB,study_site,RT,Appendix 1 Random Transect Data 2004-2008.xls,excel_appendix,East Bank 2008,NW4,Coral,57.60598503740648,RECONSTRUCTED MAJOR CATEGORY FROM APPENDIX SUBCATEGORIES,percent_cover,cover,functional_group
2008,EFGB,study_site,RT,Appendix 1 Random Transect Data 2004-2008.xls,excel_appendix,East Bank 2008,NW4,Hydrocoral,0.0,RECONSTRUCTED MAJOR CATEGORY FROM APPENDIX SUBCATEGORIES,percent_cover,cover,functional_group
2008,EFGB,study_site,RT,Appendix 1 Random Transect Data 2004-2008.xls,excel_appendix,East Bank 2008,NW4,Macroalgae,27.431421446384043,RECONSTRUCTED MAJOR CATEGORY FROM APPENDIX SUBCATEGORIES,percent_cover,cover,functional_group
2008,EFGB,study_site,RT,Appendix 1 Random Transect Data 2004-2008.xls,excel_appendix,East Bank 2008,NW4,Other,0.24937655860349126,RECONSTRUCTED MAJOR CATEGORY FROM APPENDIX SUBCATEGORIES,percent_cover,cover,functional_group
2008,EFGB,study_site,RT,Appendix 1 Random Transect Data 2004-2008.xls,excel_appendix,East Bank 2008,NW4,Sand,0.4987531172069825,RECONSTRUCTED MAJOR CATEGORY FROM APPENDIX SUBCATEGORIES,percent_cover,cover,functional_group
2008,EFGB,study_site,RT,Appendix 1 Random Transect Data 2004-2008.xls,excel_appendix,East Bank 2008,NW4,Sponge,0.4987531172069825,RECONSTRUCTED MAJOR CATEGORY FROM APPENDIX SUBCATEGORIES,percent_cover,cover,functional_group
2008,EFGB,study_site,RT,Appendix 1 Random Transect Data 2004-2008.xls,excel_appendix,East Bank 2008,SE1,CCA,7.352941176470589,RECONSTRUCTED MAJOR CATEGORY FROM APPENDIX SUBCATEGORIES,percent_cover,cover,functional_group
2008,EFGB,study_site,RT,Appendix 1 Random Transect Data 2004-2008.xls,excel_appendix,East Bank 2008,SE1,Colonizable Substrate,10.53921568627451,RECONSTRUCTED MAJOR CATEGORY FROM APPENDIX SUBCATEGORIES,percent_cover,cover,functional_group
2008,EFGB,study_site,RT,Appendix 1 Random Transect Data 2004-2008.xls,excel_appendix,East Bank 2008,SE1,Coral,47.05882352941177,RECONSTRUCTED MAJOR CATEGORY FROM APPENDIX SUBCATEGORIES,percent_cover,cover,functional_group
2008,EFGB,study_site,RT,Appendix 1 Random Transect Data 2004-2008.xls,excel_appendix,East Bank 2008,SE1,Hydrocoral,0.0,RECONSTRUCTED MAJOR CATEGORY FROM APPENDIX SUBCATEGORIES,percent_cover,cover,functional_group
2008,EFGB,study_site,RT,Appendix 1 Random Transect Data 2004-2008.xls,excel_appendix,East Bank 2008,SE1,Macroalgae,32.59803921568628,RECONSTRUCTED MAJOR CATEGORY FROM APPENDIX SUBCATEGORIES,percent_cover,cover,functional_group
2008,EFGB,study_site,RT,Appendix 1 Random Transect Data 2004-2008.xls,excel_appendix,East Bank 2008,SE1,Other,0.7352941176470588,RECONSTRUCTED MAJOR CATEGORY FROM APPENDIX SUBCATEGORIES,percent_cover,cover,functional_group
2008,EFGB,study_site,RT,Appendix 1 Random Transect Data 2004-2008.xls,excel_appendix,East Bank 2008,SE1,Sand,0.0,RECONSTRUCTED MAJOR CATEGORY FROM APPENDIX SUBCATEGORIES,percent_cover,cover,functional_group
2008,EFGB,study_site,RT,Appendix 1 Random Transect Data 2004-2008.xls,excel_appendix,East Bank 2008,SE1,Sponge,0.24509803921568626,RECONSTRUCTED MAJOR CATEGORY FROM APPENDIX SUBCATEGORIES,percent_cover,cover,functional_group
2008,EFGB,study_site,RT,Appendix 1 Random Transect Data 2004-2008.xls,excel_appendix,East Bank 2008,SE2,CCA,2.2670025188916876,RECONSTRUCTED MAJOR CATEGORY FROM APPENDIX SUBCATEGORIES,percent_cover,cover,functional_group
2008,EFGB,study_site,RT,Appendix 1 Random Transect Data 2004-2008.xls,excel_appendix,East Bank 2008,SE2,Colonizable Substrate,22.418136020151135,RECONSTRUCTED MAJOR CATEGORY FROM APPENDIX SUBCATEGORIES,percent_cover,cover,functional_group
2008,EFGB,study_site,RT,Appendix 1 Random Transect Data 2004-2008.xls,excel_appendix,East Bank 2008,SE2,Coral,52.89672544080605,RECONSTRUCTED MAJOR CATEGORY FROM APPENDIX SUBCATEGORIES,percent_cover,cover,functional_group
2008,EFGB,study_site,RT,Appendix 1 Random Transect Data 2004-2008.xls,excel_appendix,East Bank 2008,SE2,Hydrocoral,0.0,RECONSTRUCTED MAJOR CATEGORY FROM APPENDIX SUBCATEGORIES,percent_cover,cover,functional_group
2008,EFGB,study_site,RT,Appendix 1 Random Transect Data 2004-2008.xls,excel_appendix,East Bank 2008,SE2,Macroalgae,21.41057934508816,RECONSTRUCTED MAJOR CATEGORY FROM APPENDIX SUBCATEGORIES,percent_cover,cover,functional_group
2008,EFGB,study_site,RT,Appendix 1 Random Transect Data 2004-2008.xls,excel_appendix,East Bank 2008,SE2,Other,0.2518891687657431,RECONSTRUCTED MAJOR CATEGORY FROM APPENDIX SUBCATEGORIES,percent_cover,cover,functional_group
2008,EFGB,study_site,RT,Appendix 1 Random Transect Data 2004-2008.xls,excel_appendix,East Bank 2008,SE2,Sand,0.0,RECONSTRUCTED MAJOR CATEGORY FROM APPENDIX SUBCATEGORIES,percent_cover,cover,functional_group
2008,EFGB,study_site,RT,Appendix 1 Random Transect Data 2004-2008.xls,excel_appendix,East Bank 2008,SE2,Sponge,0.0,RECONSTRUCTED MAJOR CATEGORY FROM APPENDIX SUBCATEGORIES,percent_cover,cover,functional_group
2008,EFGB,study_site,RT,Appendix 1 Random Transect Data 2004-2008.xls,excel_appendix,East Bank 2008,SE3,CCA,4.773869346733668,RECONSTRUCTED MAJOR CATEGORY FROM APPENDIX SUBCATEGORIES,percent_cover,cover,functional_group
2008,EFGB,study_site,RT,Appendix 1 Random Transect Data 2004-2008.xls,excel_appendix,East Bank 2008,SE3,Colonizable Substrate,17.33668341708543,RECONSTRUCTED MAJOR CATEGORY FROM APPENDIX SUBCATEGORIES,percent_cover,cover,functional_group
2008,EFGB,study_site,RT,Appendix 1 Random Transect Data 2004-2008.xls,excel_appendix,East Bank 2008,SE3,Coral,50.0,RECONSTRUCTED MAJOR CATEGORY FROM APPENDIX SUBCATEGORIES,percent_cover,cover,functional_group
2008,EFGB,study_site,RT,Appendix 1 Random Transect Data 2004-2008.xls,excel_appendix,East Bank 2008,SE3,Hydrocoral,0.0,RECONSTRUCTED MAJOR CATEGORY FROM APPENDIX SUBCATEGORIES,percent_cover,cover,functional_group
2008,EFGB,study_site,RT,Appendix 1 Random Transect Data 2004-2008.xls,excel_appendix,East Bank 2008,SE3,Macroalgae,27.386934673366834,RECONSTRUCTED MAJOR CATEGORY FROM APPENDIX SUBCATEGORIES,percent_cover,cover,functional_group
2008,EFGB,study_site,RT,Appendix 1 Random Transect Data 2004-2008.xls,excel_appendix,East Bank 2008,SE3,Other,0.0,RECONSTRUCTED MAJOR CATEGORY FROM APPENDIX SUBCATEGORIES,percent_cover,cover,functional_group
2008,EFGB,study_site,RT,Appendix 1 Random Transect Data 2004-2008.xls,excel_appendix,East Bank 2008,SE3,Sand,0.0,RECONSTRUCTED MAJOR CATEGORY FROM APPENDIX SUBCATEGORIES,percent_cover,cover,functional_group
2008,EFGB,study_site,RT,Appendix 1 Random Transect Data 2004-2008.xls,excel_appendix,East Bank 2008,SE3,Sponge,0.0,RECONSTRUCTED MAJOR CATEGORY FROM APPENDIX SUBCATEGORIES,percent_cover,cover,functional_group
2008,EFGB,study_site,RT,Appendix 1 Random Transect Data 2004-2008.xls,excel_appendix,East Bank 2008,SE4,CCA,11.39240506329114,RECONSTRUCTED MAJOR CATEGORY FROM APPENDIX SUBCATEGORIES,percent_cover,cover,functional_group
2008,EFGB,study_site,RT,Appendix 1 Random Transect Data 2004-2008.xls,excel_appendix,East Bank 2008,SE4,Colonizable Substrate,19.49367088607595,RECONSTRUCTED MAJOR CATEGORY FROM APPENDIX SUBCATEGORIES,percent_cover,cover,functional_group
2008,EFGB,study_site,RT,Appendix 1 Random Transect Data 2004-2008.xls,excel_appendix,East Bank 2008,SE4,Coral,40.50632911392405,RECONSTRUCTED MAJOR CATEGORY FROM APPENDIX SUBCATEGORIES,percent_cover,cover,functional_group
2008,EFGB,study_site,RT,Appendix 1 Random Transect Data 2004-2008.xls,excel_appendix,East Bank 2008,SE4,Hydrocoral,0.0,RECONSTRUCTED MAJOR CATEGORY FROM APPENDIX SUBCATEGORIES,percent_cover,cover,functional_group
2008,EFGB,study_site,RT,Appendix 1 Random Transect Data 2004-2008.xls,excel_appendix,East Bank 2008,SE4,Macroalgae,26.32911392405063,RECONSTRUCTED MAJOR CATEGORY FROM APPENDIX SUBCATEGORIES,percent_cover,cover,functional_group
2008,EFGB,study_site,RT,Appendix 1 Random Transect Data 2004-2008.xls,excel_appendix,East Bank 2008,SE4,Other,0.25316455696202533,RECONSTRUCTED MAJOR CATEGORY FROM APPENDIX SUBCATEGORIES,percent_cover,cover,functional_group
2008,EFGB,study_site,RT,Appendix 1 Random Transect Data 2004-2008.xls,excel_appendix,East Bank 2008,SE4,Sand,0.0,RECONSTRUCTED MAJOR CATEGORY FROM APPENDIX SUBCATEGORIES,percent_cover,cover,functional_group
2008,EFGB,study_site,RT,Appendix 1 Random Transect Data 2004-2008.xls,excel_appendix,East Bank 2008,SE4,Sponge,1.5189873417721518,RECONSTRUCTED MAJOR CATEGORY FROM APPENDIX SUBCATEGORIES,percent_cover,cover,functional_group
2008,EFGB,study_site,RT,Appendix 1 Random Transect Data 2004-2008.xls,excel_appendix,East Bank 2008,SW1,CCA,7.0559610705596105,RECONSTRUCTED MAJOR CATEGORY FROM APPENDIX SUBCATEGORIES,percent_cover,cover,functional_group
2008,EFGB,study_site,RT,Appendix 1 Random Transect Data 2004-2008.xls,excel_appendix,East Bank 2008,SW1,Colonizable Substrate,14.841849148418492,RECONSTRUCTED MAJOR CATEGORY FROM APPENDIX SUBCATEGORIES,percent_cover,cover,functional_group
2008,EFGB,study_site,RT,Appendix 1 Random Transect Data 2004-2008.xls,excel_appendix,East Bank 2008,SW1,Coral,50.12165450121655,RECONSTRUCTED MAJOR CATEGORY FROM APPENDIX SUBCATEGORIES,percent_cover,cover,functional_group
2008,EFGB,study_site,RT,Appendix 1 Random Transect Data 2004-2008.xls,excel_appendix,East Bank 2008,SW1,Hydrocoral,0.0,RECONSTRUCTED MAJOR CATEGORY FROM APPENDIX SUBCATEGORIES,percent_cover,cover,functional_group
2008,EFGB,study_site,RT,Appendix 1 Random Transect Data 2004-2008.xls,excel_appendix,East Bank 2008,SW1,Macroalgae,25.790754257907544,RECONSTRUCTED MAJOR CATEGORY FROM APPENDIX SUBCATEGORIES,percent_cover,cover,functional_group
2008,EFGB,study_site,RT,Appendix 1 Random Transect Data 2004-2008.xls,excel_appendix,East Bank 2008,SW1,Other,0.24330900243309003,RECONSTRUCTED MAJOR CATEGORY FROM APPENDIX SUBCATEGORIES,percent_cover,cover,functional_group
2008,EFGB,study_site,RT,Appendix 1 Random Transect Data 2004-2008.xls,excel_appendix,East Bank 2008,SW1,Sand,0.0,RECONSTRUCTED MAJOR CATEGORY FROM APPENDIX SUBCATEGORIES,percent_cover,cover,functional_group
2008,EFGB,study_site,RT,Appendix 1 Random Transect Data 2004-2008.xls,excel_appendix,East Bank 2008,SW1,Sponge,0.7299270072992701,RECONSTRUCTED MAJOR CATEGORY FROM APPENDIX SUBCATEGORIES,percent_cover,cover,functional_group
2008,EFGB,study_site,RT,Appendix 1 Random Transect Data 2004-2008.xls,excel_appendix,East Bank 2008,SW2,CCA,4.576659038901601,RECONSTRUCTED MAJOR CATEGORY FROM APPENDIX SUBCATEGORIES,percent_cover,cover,functional_group
2008,EFGB,study_site,RT,Appendix 1 Random Transect Data 2004-2008.xls,excel_appendix,East Bank 2008,SW2,Colonizable Substrate,12.585812356979407,RECONSTRUCTED MAJOR CATEGORY FROM APPENDIX SUBCATEGORIES,percent_cover,cover,functional_group
2008,EFGB,study_site,RT,Appendix 1 Random Transect Data 2004-2008.xls,excel_appendix,East Bank 2008,SW2,Coral,63.84439359267734,RECONSTRUCTED MAJOR CATEGORY FROM APPENDIX SUBCATEGORIES,percent_cover,cover,functional_group
2008,EFGB,study_site,RT,Appendix 1 Random Transect Data 2004-2008.xls,excel_appendix,East Bank 2008,SW2,Hydrocoral,0.0,RECONSTRUCTED MAJOR CATEGORY FROM APPENDIX SUBCATEGORIES,percent_cover,cover,functional_group
2008,EFGB,study_site,RT,Appendix 1 Random Transect Data 2004-2008.xls,excel_appendix,East Bank 2008,SW2,Macroalgae,18.30663615560641,RECONSTRUCTED MAJOR CATEGORY FROM APPENDIX SUBCATEGORIES,percent_cover,cover,functional_group
2008,EFGB,study_site,RT,Appendix 1 Random Transect Data 2004-2008.xls,excel_appendix,East Bank 2008,SW2,Other,0.0,RECONSTRUCTED MAJOR CATEGORY FROM APPENDIX SUBCATEGORIES,percent_cover,cover,functional_group
2008,EFGB,study_site,RT,Appendix 1 Random Transect Data 2004-2008.xls,excel_appendix,East Bank 2008,SW2,Sand,0.4576659038901602,RECONSTRUCTED MAJOR CATEGORY FROM APPENDIX SUBCATEGORIES,percent_cover,cover,functional_group
2008,EFGB,study_site,RT,Appendix 1 Random Transect Data 2004-2008.xls,excel_appendix,East Bank 2008,SW2,Sponge,0.2288329519450801,RECONSTRUCTED MAJOR CATEGORY FROM APPENDIX SUBCATEGORIES,percent_cover,cover,functional_group
2008,EFGB,study_site,RT,Appendix 1 Random Transect Data 2004-2008.xls,excel_appendix,East Bank 2008,SW3,CCA,2.857142857142857,RECONSTRUCTED MAJOR CATEGORY FROM APPENDIX SUBCATEGORIES,percent_cover,cover,functional_group
2008,EFGB,study_site,RT,Appendix 1 Random Transect Data 2004-2008.xls,excel_appendix,East Bank 2008,SW3,Colonizable Substrate,13.333333333333334,RECONSTRUCTED MAJOR CATEGORY FROM APPENDIX SUBCATEGORIES,percent_cover,cover,functional_group
2008,EFGB,study_site,RT,Appendix 1 Random Transect Data 2004-2008.xls,excel_appendix,East Bank 2008,SW3,Coral,61.19047619047618,RECONSTRUCTED MAJOR CATEGORY FROM APPENDIX SUBCATEGORIES,percent_cover,cover,functional_group
2008,EFGB,study_site,RT,Appendix 1 Random Transect Data 2004-2008.xls,excel_appendix,East Bank 2008,SW3,Hydrocoral,0.0,RECONSTRUCTED MAJOR CATEGORY FROM APPENDIX SUBCATEGORIES,percent_cover,cover,functional_group
2008,EFGB,study_site,RT,Appendix 1 Random Transect Data 2004-2008.xls,excel_appendix,East Bank 2008,SW3,Macroalgae,22.142857142857142,RECONSTRUCTED MAJOR CATEGORY FROM APPENDIX SUBCATEGORIES,percent_cover,cover,functional_group
2008,EFGB,study_site,RT,Appendix 1 Random Transect Data 2004-2008.xls,excel_appendix,East Bank 2008,SW3,Other,0.4761904761904762,RECONSTRUCTED MAJOR CATEGORY FROM APPENDIX SUBCATEGORIES,percent_cover,cover,functional_group
2008,EFGB,study_site,RT,Appendix 1 Random Transect Data 2004-2008.xls,excel_appendix,East Bank 2008,SW3,Sand,0.0,RECONSTRUCTED MAJOR CATEGORY FROM APPENDIX SUBCATEGORIES,percent_cover,cover,functional_group
2008,EFGB,study_site,RT,Appendix 1 Random Transect Data 2004-2008.xls,excel_appendix,East Bank 2008,SW3,Sponge,0.0,RECONSTRUCTED MAJOR CATEGORY FROM APPENDIX SUBCATEGORIES,percent_cover,cover,functional_group
2008,EFGB,study_site,RT,Appendix 1 Random Transect Data 2004-2008.xls,excel_appendix,East Bank 2008,SW4,CCA,3.294117647058824,RECONSTRUCTED MAJOR CATEGORY FROM APPENDIX SUBCATEGORIES,percent_cover,cover,functional_group
2008,EFGB,study_site,RT,Appendix 1 Random Transect Data 2004-2008.xls,excel_appendix,East Bank 2008,SW4,Colonizable Substrate,11.294117647058824,RECONSTRUCTED MAJOR CATEGORY FROM APPENDIX SUBCATEGORIES,percent_cover,cover,functional_group
2008,EFGB,study_site,RT,Appendix 1 Random Transect Data 2004-2008.xls,excel_appendix,East Bank 2008,SW4,Coral,56.00000000000001,RECONSTRUCTED MAJOR CATEGORY FROM APPENDIX SUBCATEGORIES,percent_cover,cover,functional_group
2008,EFGB,study_site,RT,Appendix 1 Random Transect Data 2004-2008.xls,excel_appendix,East Bank 2008,SW4,Hydrocoral,0.0,RECONSTRUCTED MAJOR CATEGORY FROM APPENDIX SUBCATEGORIES,percent_cover,cover,functional_group
2008,EFGB,study_site,RT,Appendix 1 Random Transect Data 2004-2008.xls,excel_appendix,East Bank 2008,SW4,Macroalgae,28.0,RECONSTRUCTED MAJOR CATEGORY FROM APPENDIX SUBCATEGORIES,percent_cover,cover,functional_group
2008,EFGB,study_site,RT,Appendix 1 Random Transect Data 2004-2008.xls,excel_appendix,East Bank 2008,SW4,Other,0.2352941176470588,RECONSTRUCTED MAJOR CATEGORY FROM APPENDIX SUBCATEGORIES,percent_cover,cover,functional_group
2008,EFGB,study_site,RT,Appendix 1 Random Transect Data 2004-2008.xls,excel_appendix,East Bank 2008,SW4,Sand,0.4705882352941176,RECONSTRUCTED MAJOR CATEGORY FROM APPENDIX SUBCATEGORIES,percent_cover,cover,functional_group
2008,EFGB,study_site,RT,Appendix 1 Random Transect Data 2004-2008.xls,excel_appendix,East Bank 2008,SW4,Sponge,0.4705882352941176,RECONSTRUCTED MAJOR CATEGORY FROM APPENDIX SUBCATEGORIES,percent_cover,cover,functional_group
2008,WFGB,study_site,RT,Appendix 1 Random Transect Data 2004-2008.xls,excel_appendix,West Bank 2008,NE1,CCA,3.6674816625916873,RECONSTRUCTED MAJOR CATEGORY FROM APPENDIX SUBCATEGORIES,percent_cover,cover,functional_group
2008,WFGB,study_site,RT,Appendix 1 Random Transect Data 2004-2008.xls,excel_appendix,West Bank 2008,NE1,Colonizable Substrate,36.18581907090464,RECONSTRUCTED MAJOR CATEGORY FROM APPENDIX SUBCATEGORIES,percent_cover,cover,functional_group
2008,WFGB,study_site,RT,Appendix 1 Random Transect Data 2004-2008.xls,excel_appendix,West Bank 2008,NE1,Coral,49.63325183374083,RECONSTRUCTED MAJOR CATEGORY FROM APPENDIX SUBCATEGORIES,percent_cover,cover,functional_group
2008,WFGB,study_site,RT,Appendix 1 Random Transect Data 2004-2008.xls,excel_appendix,West Bank 2008,NE1,Hydrocoral,0.24449877750611246,RECONSTRUCTED MAJOR CATEGORY FROM APPENDIX SUBCATEGORIES,percent_cover,cover,functional_group
2008,WFGB,study_site,RT,Appendix 1 Random Transect Data 2004-2008.xls,excel_appendix,West Bank 2008,NE1,Macroalgae,10.024449877750612,RECONSTRUCTED MAJOR CATEGORY FROM APPENDIX SUBCATEGORIES,percent_cover,cover,functional_group
2008,WFGB,study_site,RT,Appendix 1 Random Transect Data 2004-2008.xls,excel_appendix,West Bank 2008,NE1,Other,0.0,RECONSTRUCTED MAJOR CATEGORY FROM APPENDIX SUBCATEGORIES,percent_cover,cover,functional_group
2008,WFGB,study_site,RT,Appendix 1 Random Transect Data 2004-2008.xls,excel_appendix,West Bank 2008,NE1,Sand,0.0,RECONSTRUCTED MAJOR CATEGORY FROM APPENDIX SUBCATEGORIES,percent_cover,cover,functional_group
2008,WFGB,study_site,RT,Appendix 1 Random Transect Data 2004-2008.xls,excel_appendix,West Bank 2008,NE1,Sponge,0.0,RECONSTRUCTED MAJOR CATEGORY FROM APPENDIX SUBCATEGORIES,percent_cover,cover,functional_group
2008,WFGB,study_site,RT,Appendix 1 Random Transect Data 2004-2008.xls,excel_appendix,West Bank 2008,NE2,CCA,8.551068883610451,RECONSTRUCTED MAJOR CATEGORY FROM APPENDIX SUBCATEGORIES,percent_cover,cover,functional_group
2008,WFGB,study_site,RT,Appendix 1 Random Transect Data 2004-2008.xls,excel_appendix,West Bank 2008,NE2,Colonizable Substrate,25.17814726840855,RECONSTRUCTED MAJOR CATEGORY FROM APPENDIX SUBCATEGORIES,percent_cover,cover,functional_group
2008,WFGB,study_site,RT,Appendix 1 Random Transect Data 2004-2008.xls,excel_appendix,West Bank 2008,NE2,Coral,47.980997624703086,RECONSTRUCTED MAJOR CATEGORY FROM APPENDIX SUBCATEGORIES,percent_cover,cover,functional_group
2008,WFGB,study_site,RT,Appendix 1 Random Transect Data 2004-2008.xls,excel_appendix,West Bank 2008,NE2,Hydrocoral,0.23752969121140144,RECONSTRUCTED MAJOR CATEGORY FROM APPENDIX SUBCATEGORIES,percent_cover,cover,functional_group
2008,WFGB,study_site,RT,Appendix 1 Random Transect Data 2004-2008.xls,excel_appendix,West Bank 2008,NE2,Macroalgae,14.489311163895488,RECONSTRUCTED MAJOR CATEGORY FROM APPENDIX SUBCATEGORIES,percent_cover,cover,functional_group
2008,WFGB,study_site,RT,Appendix 1 Random Transect Data 2004-2008.xls,excel_appendix,West Bank 2008,NE2,Other,0.23752969121140144,RECONSTRUCTED MAJOR CATEGORY FROM APPENDIX SUBCATEGORIES,percent_cover,cover,functional_group
2008,WFGB,study_site,RT,Appendix 1 Random Transect Data 2004-2008.xls,excel_appendix,West Bank 2008,NE2,Sand,0.0,RECONSTRUCTED MAJOR CATEGORY FROM APPENDIX SUBCATEGORIES,percent_cover,cover,functional_group
2008,WFGB,study_site,RT,Appendix 1 Random Transect Data 2004-2008.xls,excel_appendix,West Bank 2008,NE2,Sponge,0.9501187648456058,RECONSTRUCTED MAJOR CATEGORY FROM APPENDIX SUBCATEGORIES,percent_cover,cover,functional_group
2008,WFGB,study_site,RT,Appendix 1 Random Transect Data 2004-2008.xls,excel_appendix,West Bank 2008,NE3,CCA,3.6036036036036037,RECONSTRUCTED MAJOR CATEGORY FROM APPENDIX SUBCATEGORIES,percent_cover,cover,functional_group
2008,WFGB,study_site,RT,Appendix 1 Random Transect Data 2004-2008.xls,excel_appendix,West Bank 2008,NE3,Colonizable Substrate,9.234234234234235,RECONSTRUCTED MAJOR CATEGORY FROM APPENDIX SUBCATEGORIES,percent_cover,cover,functional_group
2008,WFGB,study_site,RT,Appendix 1 Random Transect Data 2004-2008.xls,excel_appendix,West Bank 2008,NE3,Coral,85.36036036036036,RECONSTRUCTED MAJOR CATEGORY FROM APPENDIX SUBCATEGORIES,percent_cover,cover,functional_group
2008,WFGB,study_site,RT,Appendix 1 Random Transect Data 2004-2008.xls,excel_appendix,West Bank 2008,NE3,Hydrocoral,0.0,RECONSTRUCTED MAJOR CATEGORY FROM APPENDIX SUBCATEGORIES,percent_cover,cover,functional_group
2008,WFGB,study_site,RT,Appendix 1 Random Transect Data 2004-2008.xls,excel_appendix,West Bank 2008,NE3,Macroalgae,1.5765765765765765,RECONSTRUCTED MAJOR CATEGORY FROM APPENDIX SUBCATEGORIES,percent_cover,cover,functional_group
2008,WFGB,study_site,RT,Appendix 1 Random Transect Data 2004-2008.xls,excel_appendix,West Bank 2008,NE3,Other,0.22522522522522523,RECONSTRUCTED MAJOR CATEGORY FROM APPENDIX SUBCATEGORIES,percent_cover,cover,functional_group
2008,WFGB,study_site,RT,Appendix 1 Random Transect Data 2004-2008.xls,excel_appendix,West Bank 2008,NE3,Sand,0.0,RECONSTRUCTED MAJOR CATEGORY FROM APPENDIX SUBCATEGORIES,percent_cover,cover,functional_group
2008,WFGB,study_site,RT,Appendix 1 Random Transect Data 2004-2008.xls,excel_appendix,West Bank 2008,NE3,Sponge,0.0,RECONSTRUCTED MAJOR CATEGORY FROM APPENDIX SUBCATEGORIES,percent_cover,cover,functional_group
2008,WFGB,study_site,RT,Appendix 1 Random Transect Data 2004-2008.xls,excel_appendix,West Bank 2008,NE4,CCA,2.9082774049217,RECONSTRUCTED MAJOR CATEGORY FROM APPENDIX SUBCATEGORIES,percent_cover,cover,functional_group
2008,WFGB,study_site,RT,Appendix 1 Random Transect Data 2004-2008.xls,excel_appendix,West Bank 2008,NE4,Colonizable Substrate,14.988814317673377,RECONSTRUCTED MAJOR CATEGORY FROM APPENDIX SUBCATEGORIES,percent_cover,cover,functional_group
2008,WFGB,study_site,RT,Appendix 1 Random Transect Data 2004-2008.xls,excel_appendix,West Bank 2008,NE4,Coral,65.54809843400447,RECONSTRUCTED MAJOR CATEGORY FROM APPENDIX SUBCATEGORIES,percent_cover,cover,functional_group
2008,WFGB,study_site,RT,Appendix 1 Random Transect Data 2004-2008.xls,excel_appendix,West Bank 2008,NE4,Hydrocoral,1.7897091722595078,RECONSTRUCTED MAJOR CATEGORY FROM APPENDIX SUBCATEGORIES,percent_cover,cover,functional_group
2008,WFGB,study_site,RT,Appendix 1 Random Transect Data 2004-2008.xls,excel_appendix,West Bank 2008,NE4,Macroalgae,6.7114093959731544,RECONSTRUCTED MAJOR CATEGORY FROM APPENDIX SUBCATEGORIES,percent_cover,cover,functional_group
2008,WFGB,study_site,RT,Appendix 1 Random Transect Data 2004-2008.xls,excel_appendix,West Bank 2008,NE4,Other,0.0,RECONSTRUCTED MAJOR CATEGORY FROM APPENDIX SUBCATEGORIES,percent_cover,cover,functional_group
2008,WFGB,study_site,RT,Appendix 1 Random Transect Data 2004-2008.xls,excel_appendix,West Bank 2008,NE4,Sand,0.0,RECONSTRUCTED MAJOR CATEGORY FROM APPENDIX SUBCATEGORIES,percent_cover,cover,functional_group
2008,WFGB,study_site,RT,Appendix 1 Random Transect Data 2004-2008.xls,excel_appendix,West Bank 2008,NE4,Sponge,7.606263982102909,RECONSTRUCTED MAJOR CATEGORY FROM APPENDIX SUBCATEGORIES,percent_cover,cover,functional_group
2008,WFGB,study_site,RT,Appendix 1 Random Transect Data 2004-2008.xls,excel_appendix,West Bank 2008,NW1,CCA,5.827505827505827,RECONSTRUCTED MAJOR CATEGORY FROM APPENDIX SUBCATEGORIES,percent_cover,cover,functional_group
2008,WFGB,study_site,RT,Appendix 1 Random Transect Data 2004-2008.xls,excel_appendix,West Bank 2008,NW1,Colonizable Substrate,23.310023310023308,RECONSTRUCTED MAJOR CATEGORY FROM APPENDIX SUBCATEGORIES,percent_cover,cover,functional_group
2008,WFGB,study_site,RT,Appendix 1 Random Transect Data 2004-2008.xls,excel_appendix,West Bank 2008,NW1,Coral,54.54545454545455,RECONSTRUCTED MAJOR CATEGORY FROM APPENDIX SUBCATEGORIES,percent_cover,cover,functional_group
2008,WFGB,study_site,RT,Appendix 1 Random Transect Data 2004-2008.xls,excel_appendix,West Bank 2008,NW1,Hydrocoral,0.0,RECONSTRUCTED MAJOR CATEGORY FROM APPENDIX SUBCATEGORIES,percent_cover,cover,functional_group
2008,WFGB,study_site,RT,Appendix 1 Random Transect Data 2004-2008.xls,excel_appendix,West Bank 2008,NW1,Macroalgae,15.384615384615387,RECONSTRUCTED MAJOR CATEGORY FROM APPENDIX SUBCATEGORIES,percent_cover,cover,functional_group
2008,WFGB,study_site,RT,Appendix 1 Random Transect Data 2004-2008.xls,excel_appendix,West Bank 2008,NW1,Other,0.4662004662004662,RECONSTRUCTED MAJOR CATEGORY FROM APPENDIX SUBCATEGORIES,percent_cover,cover,functional_group
2008,WFGB,study_site,RT,Appendix 1 Random Transect Data 2004-2008.xls,excel_appendix,West Bank 2008,NW1,Sand,0.0,RECONSTRUCTED MAJOR CATEGORY FROM APPENDIX SUBCATEGORIES,percent_cover,cover,functional_group
2008,WFGB,study_site,RT,Appendix 1 Random Transect Data 2004-2008.xls,excel_appendix,West Bank 2008,NW1,Sponge,0.0,RECONSTRUCTED MAJOR CATEGORY FROM APPENDIX SUBCATEGORIES,percent_cover,cover,functional_group
2008,WFGB,study_site,RT,Appendix 1 Random Transect Data 2004-2008.xls,excel_appendix,West Bank 2008,NW2,CCA,0.2506265664160401,RECONSTRUCTED MAJOR CATEGORY FROM APPENDIX SUBCATEGORIES,percent_cover,cover,functional_group
2008,WFGB,study_site,RT,Appendix 1 Random Transect Data 2004-2008.xls,excel_appendix,West Bank 2008,NW2,Colonizable Substrate,17.543859649122805,RECONSTRUCTED MAJOR CATEGORY FROM APPENDIX SUBCATEGORIES,percent_cover,cover,functional_group
2008,WFGB,study_site,RT,Appendix 1 Random Transect Data 2004-2008.xls,excel_appendix,West Bank 2008,NW2,Coral,62.155388471177936,RECONSTRUCTED MAJOR CATEGORY FROM APPENDIX SUBCATEGORIES,percent_cover,cover,functional_group
2008,WFGB,study_site,RT,Appendix 1 Random Transect Data 2004-2008.xls,excel_appendix,West Bank 2008,NW2,Hydrocoral,0.0,RECONSTRUCTED MAJOR CATEGORY FROM APPENDIX SUBCATEGORIES,percent_cover,cover,functional_group
2008,WFGB,study_site,RT,Appendix 1 Random Transect Data 2004-2008.xls,excel_appendix,West Bank 2008,NW2,Macroalgae,17.042606516290725,RECONSTRUCTED MAJOR CATEGORY FROM APPENDIX SUBCATEGORIES,percent_cover,cover,functional_group
2008,WFGB,study_site,RT,Appendix 1 Random Transect Data 2004-2008.xls,excel_appendix,West Bank 2008,NW2,Other,0.5012531328320802,RECONSTRUCTED MAJOR CATEGORY FROM APPENDIX SUBCATEGORIES,percent_cover,cover,functional_group
2008,WFGB,study_site,RT,Appendix 1 Random Transect Data 2004-2008.xls,excel_appendix,West Bank 2008,NW2,Sand,0.0,RECONSTRUCTED MAJOR CATEGORY FROM APPENDIX SUBCATEGORIES,percent_cover,cover,functional_group
2008,WFGB,study_site,RT,Appendix 1 Random Transect Data 2004-2008.xls,excel_appendix,West Bank 2008,NW2,Sponge,1.5037593984962405,RECONSTRUCTED MAJOR CATEGORY FROM APPENDIX SUBCATEGORIES,percent_cover,cover,functional_group
2008,WFGB,study_site,RT,Appendix 1 Random Transect Data 2004-2008.xls,excel_appendix,West Bank 2008,NW3,CCA,0.0,RECONSTRUCTED MAJOR CATEGORY FROM APPENDIX SUBCATEGORIES,percent_cover,cover,functional_group
2008,WFGB,study_site,RT,Appendix 1 Random Transect Data 2004-2008.xls,excel_appendix,West Bank 2008,NW3,Colonizable Substrate,27.659574468085108,RECONSTRUCTED MAJOR CATEGORY FROM APPENDIX SUBCATEGORIES,percent_cover,cover,functional_group
2008,WFGB,study_site,RT,Appendix 1 Random Transect Data 2004-2008.xls,excel_appendix,West Bank 2008,NW3,Coral,60.99290780141843,RECONSTRUCTED MAJOR CATEGORY FROM APPENDIX SUBCATEGORIES,percent_cover,cover,functional_group
2008,WFGB,study_site,RT,Appendix 1 Random Transect Data 2004-2008.xls,excel_appendix,West Bank 2008,NW3,Hydrocoral,0.0,RECONSTRUCTED MAJOR CATEGORY FROM APPENDIX SUBCATEGORIES,percent_cover,cover,functional_group
2008,WFGB,study_site,RT,Appendix 1 Random Transect Data 2004-2008.xls,excel_appendix,West Bank 2008,NW3,Macroalgae,9.692671394799056,RECONSTRUCTED MAJOR CATEGORY FROM APPENDIX SUBCATEGORIES,percent_cover,cover,functional_group
2008,WFGB,study_site,RT,Appendix 1 Random Transect Data 2004-2008.xls,excel_appendix,West Bank 2008,NW3,Other,0.4728132387706856,RECONSTRUCTED MAJOR CATEGORY FROM APPENDIX SUBCATEGORIES,percent_cover,cover,functional_group
2008,WFGB,study_site,RT,Appendix 1 Random Transect Data 2004-2008.xls,excel_appendix,West Bank 2008,NW3,Sand,0.0,RECONSTRUCTED MAJOR CATEGORY FROM APPENDIX SUBCATEGORIES,percent_cover,cover,functional_group
2008,WFGB,study_site,RT,Appendix 1 Random Transect Data 2004-2008.xls,excel_appendix,West Bank 2008,NW3,Sponge,0.4728132387706856,RECONSTRUCTED MAJOR CATEGORY FROM APPENDIX SUBCATEGORIES,percent_cover,cover,functional_group
2008,WFGB,study_site,RT,Appendix 1 Random Transect Data 2004-2008.xls,excel_appendix,West Bank 2008,NW4,CCA,0.0,RECONSTRUCTED MAJOR CATEGORY FROM APPENDIX SUBCATEGORIES,percent_cover,cover,functional_group
2008,WFGB,study_site,RT,Appendix 1 Random Transect Data 2004-2008.xls,excel_appendix,West Bank 2008,NW4,Colonizable Substrate,17.061611374407583,RECONSTRUCTED MAJOR CATEGORY FROM APPENDIX SUBCATEGORIES,percent_cover,cover,functional_group
2008,WFGB,study_site,RT,Appendix 1 Random Transect Data 2004-2008.xls,excel_appendix,West Bank 2008,NW4,Coral,69.19431279620854,RECONSTRUCTED MAJOR CATEGORY FROM APPENDIX SUBCATEGORIES,percent_cover,cover,functional_group
2008,WFGB,study_site,RT,Appendix 1 Random Transect Data 2004-2008.xls,excel_appendix,West Bank 2008,NW4,Hydrocoral,0.0,RECONSTRUCTED MAJOR CATEGORY FROM APPENDIX SUBCATEGORIES,percent_cover,cover,functional_group
2008,WFGB,study_site,RT,Appendix 1 Random Transect Data 2004-2008.xls,excel_appendix,West Bank 2008,NW4,Macroalgae,13.744075829383888,RECONSTRUCTED MAJOR CATEGORY FROM APPENDIX SUBCATEGORIES,percent_cover,cover,functional_group
2008,WFGB,study_site,RT,Appendix 1 Random Transect Data 2004-2008.xls,excel_appendix,West Bank 2008,NW4,Other,0.0,RECONSTRUCTED MAJOR CATEGORY FROM APPENDIX SUBCATEGORIES,percent_cover,cover,functional_group
2008,WFGB,study_site,RT,Appendix 1 Random Transect Data 2004-2008.xls,excel_appendix,West Bank 2008,NW4,Sand,0.0,RECONSTRUCTED MAJOR CATEGORY FROM APPENDIX SUBCATEGORIES,percent_cover,cover,functional_group
2008,WFGB,study_site,RT,Appendix 1 Random Transect Data 2004-2008.xls,excel_appendix,West Bank 2008,NW4,Sponge,0.0,RECONSTRUCTED MAJOR CATEGORY FROM APPENDIX SUBCATEGORIES,percent_cover,cover,functional_group
2008,WFGB,study_site,RT,Appendix 1 Random Transect Data 2004-2008.xls,excel_appendix,West Bank 2008,SE1,CCA,2.857142857142857,RECONSTRUCTED MAJOR CATEGORY FROM APPENDIX SUBCATEGORIES,percent_cover,cover,functional_group
2008,WFGB,study_site,RT,Appendix 1 Random Transect Data 2004-2008.xls,excel_appendix,West Bank 2008,SE1,Colonizable Substrate,17.38095238095238,RECONSTRUCTED MAJOR CATEGORY FROM APPENDIX SUBCATEGORIES,percent_cover,cover,functional_group
2008,WFGB,study_site,RT,Appendix 1 Random Transect Data 2004-2008.xls,excel_appendix,West Bank 2008,SE1,Coral,69.52380952380952,RECONSTRUCTED MAJOR CATEGORY FROM APPENDIX SUBCATEGORIES,percent_cover,cover,functional_group
2008,WFGB,study_site,RT,Appendix 1 Random Transect Data 2004-2008.xls,excel_appendix,West Bank 2008,SE1,Hydrocoral,0.0,RECONSTRUCTED MAJOR CATEGORY FROM APPENDIX SUBCATEGORIES,percent_cover,cover,functional_group
2008,WFGB,study_site,RT,Appendix 1 Random Transect Data 2004-2008.xls,excel_appendix,West Bank 2008,SE1,Macroalgae,7.857142857142857,RECONSTRUCTED MAJOR CATEGORY FROM APPENDIX SUBCATEGORIES,percent_cover,cover,functional_group
2008,WFGB,study_site,RT,Appendix 1 Random Transect Data 2004-2008.xls,excel_appendix,West Bank 2008,SE1,Other,0.4761904761904762,RECONSTRUCTED MAJOR CATEGORY FROM APPENDIX SUBCATEGORIES,percent_cover,cover,functional_group
2008,WFGB,study_site,RT,Appendix 1 Random Transect Data 2004-2008.xls,excel_appendix,West Bank 2008,SE1,Sand,0.0,RECONSTRUCTED MAJOR CATEGORY FROM APPENDIX SUBCATEGORIES,percent_cover,cover,functional_group
2008,WFGB,study_site,RT,Appendix 1 Random Transect Data 2004-2008.xls,excel_appendix,West Bank 2008,SE1,Sponge,0.4761904761904762,RECONSTRUCTED MAJOR CATEGORY FROM APPENDIX SUBCATEGORIES,percent_cover,cover,functional_group
2008,WFGB,study_site,RT,Appendix 1 Random Transect Data 2004-2008.xls,excel_appendix,West Bank 2008,SE2,CCA,7.052896725440807,RECONSTRUCTED MAJOR CATEGORY FROM APPENDIX SUBCATEGORIES,percent_cover,cover,functional_group
2008,WFGB,study_site,RT,Appendix 1 Random Transect Data 2004-2008.xls,excel_appendix,West Bank 2008,SE2,Colonizable Substrate,14.609571788413097,RECONSTRUCTED MAJOR CATEGORY FROM APPENDIX SUBCATEGORIES,percent_cover,cover,functional_group
2008,WFGB,study_site,RT,Appendix 1 Random Transect Data 2004-2008.xls,excel_appendix,West Bank 2008,SE2,Coral,68.76574307304786,RECONSTRUCTED MAJOR CATEGORY FROM APPENDIX SUBCATEGORIES,percent_cover,cover,functional_group
2008,WFGB,study_site,RT,Appendix 1 Random Transect Data 2004-2008.xls,excel_appendix,West Bank 2008,SE2,Hydrocoral,0.0,RECONSTRUCTED MAJOR CATEGORY FROM APPENDIX SUBCATEGORIES,percent_cover,cover,functional_group
2008,WFGB,study_site,RT,Appendix 1 Random Transect Data 2004-2008.xls,excel_appendix,West Bank 2008,SE2,Macroalgae,8.816120906801007,RECONSTRUCTED MAJOR CATEGORY FROM APPENDIX SUBCATEGORIES,percent_cover,cover,functional_group
2008,WFGB,study_site,RT,Appendix 1 Random Transect Data 2004-2008.xls,excel_appendix,West Bank 2008,SE2,Other,0.0,RECONSTRUCTED MAJOR CATEGORY FROM APPENDIX SUBCATEGORIES,percent_cover,cover,functional_group
2008,WFGB,study_site,RT,Appendix 1 Random Transect Data 2004-2008.xls,excel_appendix,West Bank 2008,SE2,Sand,0.0,RECONSTRUCTED MAJOR CATEGORY FROM APPENDIX SUBCATEGORIES,percent_cover,cover,functional_group
2008,WFGB,study_site,RT,Appendix 1 Random Transect Data 2004-2008.xls,excel_appendix,West Bank 2008,SE2,Sponge,0.5037783375314862,RECONSTRUCTED MAJOR CATEGORY FROM APPENDIX SUBCATEGORIES,percent_cover,cover,functional_group
2008,WFGB,study_site,RT,Appendix 1 Random Transect Data 2004-2008.xls,excel_appendix,West Bank 2008,SE3,CCA,3.14769975786925,RECONSTRUCTED MAJOR CATEGORY FROM APPENDIX SUBCATEGORIES,percent_cover,cover,functional_group
2008,WFGB,study_site,RT,Appendix 1 Random Transect Data 2004-2008.xls,excel_appendix,West Bank 2008,SE3,Colonizable Substrate,16.222760290556902,RECONSTRUCTED MAJOR CATEGORY FROM APPENDIX SUBCATEGORIES,percent_cover,cover,functional_group
2008,WFGB,study_site,RT,Appendix 1 Random Transect Data 2004-2008.xls,excel_appendix,West Bank 2008,SE3,Coral,71.1864406779661,RECONSTRUCTED MAJOR CATEGORY FROM APPENDIX SUBCATEGORIES,percent_cover,cover,functional_group
2008,WFGB,study_site,RT,Appendix 1 Random Transect Data 2004-2008.xls,excel_appendix,West Bank 2008,SE3,Hydrocoral,0.0,RECONSTRUCTED MAJOR CATEGORY FROM APPENDIX SUBCATEGORIES,percent_cover,cover,functional_group
2008,WFGB,study_site,RT,Appendix 1 Random Transect Data 2004-2008.xls,excel_appendix,West Bank 2008,SE3,Macroalgae,8.716707021791768,RECONSTRUCTED MAJOR CATEGORY FROM APPENDIX SUBCATEGORIES,percent_cover,cover,functional_group
2008,WFGB,study_site,RT,Appendix 1 Random Transect Data 2004-2008.xls,excel_appendix,West Bank 2008,SE3,Other,0.24213075060532688,RECONSTRUCTED MAJOR CATEGORY FROM APPENDIX SUBCATEGORIES,percent_cover,cover,functional_group
2008,WFGB,study_site,RT,Appendix 1 Random Transect Data 2004-2008.xls,excel_appendix,West Bank 2008,SE3,Sand,0.0,RECONSTRUCTED MAJOR CATEGORY FROM APPENDIX SUBCATEGORIES,percent_cover,cover,functional_group
2008,WFGB,study_site,RT,Appendix 1 Random Transect Data 2004-2008.xls,excel_appendix,West Bank 2008,SE3,Sponge,0.0,RECONSTRUCTED MAJOR CATEGORY FROM APPENDIX SUBCATEGORIES,percent_cover,cover,functional_group
2008,WFGB,study_site,RT,Appendix 1 Random Transect Data 2004-2008.xls,excel_appendix,West Bank 2008,SE4,CCA,5.361305361305361,RECONSTRUCTED MAJOR CATEGORY FROM APPENDIX SUBCATEGORIES,percent_cover,cover,functional_group
2008,WFGB,study_site,RT,Appendix 1 Random Transect Data 2004-2008.xls,excel_appendix,West Bank 2008,SE4,Colonizable Substrate,27.27272727272727,RECONSTRUCTED MAJOR CATEGORY FROM APPENDIX SUBCATEGORIES,percent_cover,cover,functional_group
2008,WFGB,study_site,RT,Appendix 1 Random Transect Data 2004-2008.xls,excel_appendix,West Bank 2008,SE4,Coral,44.988344988344984,RECONSTRUCTED MAJOR CATEGORY FROM APPENDIX SUBCATEGORIES,percent_cover,cover,functional_group
2008,WFGB,study_site,RT,Appendix 1 Random Transect Data 2004-2008.xls,excel_appendix,West Bank 2008,SE4,Hydrocoral,1.6317016317016315,RECONSTRUCTED MAJOR CATEGORY FROM APPENDIX SUBCATEGORIES,percent_cover,cover,functional_group
2008,WFGB,study_site,RT,Appendix 1 Random Transect Data 2004-2008.xls,excel_appendix,West Bank 2008,SE4,Macroalgae,17.715617715617714,RECONSTRUCTED MAJOR CATEGORY FROM APPENDIX SUBCATEGORIES,percent_cover,cover,functional_group
2008,WFGB,study_site,RT,Appendix 1 Random Transect Data 2004-2008.xls,excel_appendix,West Bank 2008,SE4,Other,0.0,RECONSTRUCTED MAJOR CATEGORY FROM APPENDIX SUBCATEGORIES,percent_cover,cover,functional_group
2008,WFGB,study_site,RT,Appendix 1 Random Transect Data 2004-2008.xls,excel_appendix,West Bank 2008,SE4,Sand,0.9324009324009324,RECONSTRUCTED MAJOR CATEGORY FROM APPENDIX SUBCATEGORIES,percent_cover,cover,functional_group
2008,WFGB,study_site,RT,Appendix 1 Random Transect Data 2004-2008.xls,excel_appendix,West Bank 2008,SE4,Sponge,2.097902097902098,RECONSTRUCTED MAJOR CATEGORY FROM APPENDIX SUBCATEGORIES,percent_cover,cover,functional_group
2008,WFGB,study_site,RT,Appendix 1 Random Transect Data 2004-2008.xls,excel_appendix,West Bank 2008,SW1,CCA,1.25,RECONSTRUCTED MAJOR CATEGORY FROM APPENDIX SUBCATEGORIES,percent_cover,cover,functional_group
2008,WFGB,study_site,RT,Appendix 1 Random Transect Data 2004-2008.xls,excel_appendix,West Bank 2008,SW1,Colonizable Substrate,26.0,RECONSTRUCTED MAJOR CATEGORY FROM APPENDIX SUBCATEGORIES,percent_cover,cover,functional_group
2008,WFGB,study_site,RT,Appendix 1 Random Transect Data 2004-2008.xls,excel_appendix,West Bank 2008,SW1,Coral,58.0,RECONSTRUCTED MAJOR CATEGORY FROM APPENDIX SUBCATEGORIES,percent_cover,cover,functional_group
2008,WFGB,study_site,RT,Appendix 1 Random Transect Data 2004-2008.xls,excel_appendix,West Bank 2008,SW1,Hydrocoral,0.0,RECONSTRUCTED MAJOR CATEGORY FROM APPENDIX SUBCATEGORIES,percent_cover,cover,functional_group
2008,WFGB,study_site,RT,Appendix 1 Random Transect Data 2004-2008.xls,excel_appendix,West Bank 2008,SW1,Macroalgae,13.0,RECONSTRUCTED MAJOR CATEGORY FROM APPENDIX SUBCATEGORIES,percent_cover,cover,functional_group
2008,WFGB,study_site,RT,Appendix 1 Random Transect Data 2004-2008.xls,excel_appendix,West Bank 2008,SW1,Other,0.5,RECONSTRUCTED MAJOR CATEGORY FROM APPENDIX SUBCATEGORIES,percent_cover,cover,functional_group
2008,WFGB,study_site,RT,Appendix 1 Random Transect Data 2004-2008.xls,excel_appendix,West Bank 2008,SW1,Sand,0.0,RECONSTRUCTED MAJOR CATEGORY FROM APPENDIX SUBCATEGORIES,percent_cover,cover,functional_group
2008,WFGB,study_site,RT,Appendix 1 Random Transect Data 2004-2008.xls,excel_appendix,West Bank 2008,SW1,Sponge,1.0,RECONSTRUCTED MAJOR CATEGORY FROM APPENDIX SUBCATEGORIES,percent_cover,cover,functional_group
2008,WFGB,study_site,RT,Appendix 1 Random Transect Data 2004-2008.xls,excel_appendix,West Bank 2008,SW2,CCA,7.971014492753622,RECONSTRUCTED MAJOR CATEGORY FROM APPENDIX SUBCATEGORIES,percent_cover,cover,functional_group
2008,WFGB,study_site,RT,Appendix 1 Random Transect Data 2004-2008.xls,excel_appendix,West Bank 2008,SW2,Colonizable Substrate,25.60386473429952,RECONSTRUCTED MAJOR CATEGORY FROM APPENDIX SUBCATEGORIES,percent_cover,cover,functional_group
2008,WFGB,study_site,RT,Appendix 1 Random Transect Data 2004-2008.xls,excel_appendix,West Bank 2008,SW2,Coral,49.51690821256039,RECONSTRUCTED MAJOR CATEGORY FROM APPENDIX SUBCATEGORIES,percent_cover,cover,functional_group
2008,WFGB,study_site,RT,Appendix 1 Random Transect Data 2004-2008.xls,excel_appendix,West Bank 2008,SW2,Hydrocoral,0.0,RECONSTRUCTED MAJOR CATEGORY FROM APPENDIX SUBCATEGORIES,percent_cover,cover,functional_group
2008,WFGB,study_site,RT,Appendix 1 Random Transect Data 2004-2008.xls,excel_appendix,West Bank 2008,SW2,Macroalgae,14.975845410628022,RECONSTRUCTED MAJOR CATEGORY FROM APPENDIX SUBCATEGORIES,percent_cover,cover,functional_group
2008,WFGB,study_site,RT,Appendix 1 Random Transect Data 2004-2008.xls,excel_appendix,West Bank 2008,SW2,Other,0.4830917874396135,RECONSTRUCTED MAJOR CATEGORY FROM APPENDIX SUBCATEGORIES,percent_cover,cover,functional_group
2008,WFGB,study_site,RT,Appendix 1 Random Transect Data 2004-2008.xls,excel_appendix,West Bank 2008,SW2,Sand,0.0,RECONSTRUCTED MAJOR CATEGORY FROM APPENDIX SUBCATEGORIES,percent_cover,cover,functional_group
2008,WFGB,study_site,RT,Appendix 1 Random Transect Data 2004-2008.xls,excel_appendix,West Bank 2008,SW2,Sponge,0.966183574879227,RECONSTRUCTED MAJOR CATEGORY FROM APPENDIX SUBCATEGORIES,percent_cover,cover,functional_group
2008,WFGB,study_site,RT,Appendix 1 Random Transect Data 2004-2008.xls,excel_appendix,West Bank 2008,SW3,CCA,15.364583333333334,RECONSTRUCTED MAJOR CATEGORY FROM APPENDIX SUBCATEGORIES,percent_cover,cover,functional_group
2008,WFGB,study_site,RT,Appendix 1 Random Transect Data 2004-2008.xls,excel_appendix,West Bank 2008,SW3,Colonizable Substrate,33.85416666666667,RECONSTRUCTED MAJOR CATEGORY FROM APPENDIX SUBCATEGORIES,percent_cover,cover,functional_group
2008,WFGB,study_site,RT,Appendix 1 Random Transect Data 2004-2008.xls,excel_appendix,West Bank 2008,SW3,Coral,26.302083333333336,RECONSTRUCTED MAJOR CATEGORY FROM APPENDIX SUBCATEGORIES,percent_cover,cover,functional_group
2008,WFGB,study_site,RT,Appendix 1 Random Transect Data 2004-2008.xls,excel_appendix,West Bank 2008,SW3,Hydrocoral,0.0,RECONSTRUCTED MAJOR CATEGORY FROM APPENDIX SUBCATEGORIES,percent_cover,cover,functional_group
2008,WFGB,study_site,RT,Appendix 1 Random Transect Data 2004-2008.xls,excel_appendix,West Bank 2008,SW3,Macroalgae,23.697916666666664,RECONSTRUCTED MAJOR CATEGORY FROM APPENDIX SUBCATEGORIES,percent_cover,cover,functional_group
2008,WFGB,study_site,RT,Appendix 1 Random Transect Data 2004-2008.xls,excel_appendix,West Bank 2008,SW3,Other,0.0,RECONSTRUCTED MAJOR CATEGORY FROM APPENDIX SUBCATEGORIES,percent_cover,cover,functional_group
2008,WFGB,study_site,RT,Appendix 1 Random Transect Data 2004-2008.xls,excel_appendix,West Bank 2008,SW3,Sand,0.0,RECONSTRUCTED MAJOR CATEGORY FROM APPENDIX SUBCATEGORIES,percent_cover,cover,functional_group
2008,WFGB,study_site,RT,Appendix 1 Random Transect Data 2004-2008.xls,excel_appendix,West Bank 2008,SW3,Sponge,0.0,RECONSTRUCTED MAJOR CATEGORY FROM APPENDIX SUBCATEGORIES,percent_cover,cover,functional_group
2008,WFGB,study_site,RT,Appendix 1 Random Transect Data 2004-2008.xls,excel_appendix,West Bank 2008,SW4,CCA,2.277904328018223,RECONSTRUCTED MAJOR CATEGORY FROM APPENDIX SUBCATEGORIES,percent_cover,cover,functional_group
2008,WFGB,study_site,RT,Appendix 1 Random Transect Data 2004-2008.xls,excel_appendix,West Bank 2008,SW4,Colonizable Substrate,28.246013667425967,RECONSTRUCTED MAJOR CATEGORY FROM APPENDIX SUBCATEGORIES,percent_cover,cover,functional_group
2008,WFGB,study_site,RT,Appendix 1 Random Transect Data 2004-2008.xls,excel_appendix,West Bank 2008,SW4,Coral,56.26423690205012,RECONSTRUCTED MAJOR CATEGORY FROM APPENDIX SUBCATEGORIES,percent_cover,cover,functional_group
2008,WFGB,study_site,RT,Appendix 1 Random Transect Data 2004-2008.xls,excel_appendix,West Bank 2008,SW4,Hydrocoral,0.45558086560364464,RECONSTRUCTED MAJOR CATEGORY FROM APPENDIX SUBCATEGORIES,percent_cover,cover,functional_group
2008,WFGB,study_site,RT,Appendix 1 Random Transect Data 2004-2008.xls,excel_appendix,West Bank 2008,SW4,Macroalgae,11.389521640091116,RECONSTRUCTED MAJOR CATEGORY FROM APPENDIX SUBCATEGORIES,percent_cover,cover,functional_group
2008,WFGB,study_site,RT,Appendix 1 Random Transect Data 2004-2008.xls,excel_appendix,West Bank 2008,SW4,Other,0.45558086560364464,RECONSTRUCTED MAJOR CATEGORY FROM APPENDIX SUBCATEGORIES,percent_cover,cover,functional_group
2008,WFGB,study_site,RT,Appendix 1 Random Transect Data 2004-2008.xls,excel_appendix,West Bank 2008,SW4,Sand,0.0,RECONSTRUCTED MAJOR CATEGORY FROM APPENDIX SUBCATEGORIES,percent_cover,cover,functional_group
2008,WFGB,study_site,RT,Appendix 1 Random Transect Data 2004-2008.xls,excel_appendix,West Bank 2008,SW4,Sponge,0.0,RECONSTRUCTED MAJOR CATEGORY FROM APPENDIX SUBCATEGORIES,percent_cover,cover,functional_group
